,domain,ip4_1,ip4_2,ip6_1,ip6_2
1,access1.eurid.eu,185.36.7.34,,,
2,access2.eurid.eu,185.36.5.34,,,
3,adr.eurid.eu,185.36.4.6,,,
4,adr.lu.eurid.eu,185.36.4.6,,,
5,agreement.eurid.eu,104.20.23.122,,,
6,ahaa.eurid.eu,185.36.4.21,,,
7,ambition.eurid.eu,185.36.4.21,,,
8,ambitionhasanaddress.eurid.eu,185.36.4.21,,,
9,barra.eurid.eu,185.36.5.5,,,
10,board.eurid.eu,185.36.4.6,,,
11,boost.eurid.eu,185.36.4.21,,,
12,breakout.office.eurid.eu,185.36.5.1,,,
13,christmas2014.eurid.eu,104.20.23.122,,,
14,christmas2015.eurid.eu,185.36.4.6,,,
15,coyo.eurid.eu,185.36.5.8,,,
16,cryptshare.eurid.eu,185.36.5.7,,,
17,cs.eurid.eu,185.36.5.7,,,
18,cuda.eurid.eu,185.36.7.5,,,
19,dialin.eurid.eu,185.36.7.14,,,
20,dialin2.eurid.eu,185.36.5.14,,,
21,distance-fetching.lu.eurid.eu,185.36.4.29,,,
22,documentation.eurid.eu,185.36.4.6,,,
23,eccomm.eurid.eu,185.36.4.6,,,
24,enduser.eurid.eu,185.36.6.14,,,
25,enduser.nl.eurid.eu,185.36.6.14,,,
26,events.eurid.eu,185.36.4.6,,,
27,events.lu.eurid.eu,185.36.4.6,,,
28,http-only.lu.eurid.eu,185.36.4.22,,,
29,link.eurid.eu,185.36.6.23,,,
30,link.lu.eurid.eu,185.36.4.23,,,
31,link.nl.eurid.eu,185.36.6.23,,,
32,lu.ambitionhasanaddress.eurid.eu,185.36.4.21,,,
33,lu.coyo.eurid.eu,185.36.5.8,,,
34,lu.eurid.eu,185.36.4.26,,,
35,lyncdiscover.eurid.eu,185.36.7.14,,,
36,mail.eurid.eu,185.36.5.10,,,
37,mail.lux.eurid.eu,185.36.5.10,,,
38,mail2.eurid.eu,185.36.5.13,,,
39,maintenance.eurid.eu,185.36.4.6,,,
40,maintenance.lu.eurid.eu,185.36.4.6,,,
41,meet.eurid.eu,185.36.7.14,,,
42,members.eurid.eu,185.36.4.6,,,
43,members.lu.eurid.eu,185.36.4.6,,,
44,mm.eurid.eu,185.36.7.15,,,
45,mx.eurid.eu,185.36.7.5,,,
46,my.eurid.eu,185.36.6.14,,,
47,my.lu.eurid.eu,185.36.4.14,,,
48,my.nl.eurid.eu,185.36.6.14,,,
49,neweurid2016.eurid.eu,185.36.4.21,,,
50,nl.eurid.eu,185.36.6.26,,,
51,ns1.eurid.eu,185.36.4.252,,,
52,ns2.eurid.eu,185.36.6.252,,,
53,ns3.eurid.eu,185.36.4.253,,,
54,ns4.eurid.eu,185.36.6.253,,,
55,nsx.eurid.eu,185.151.141.1,,,
56,registrar.eurid.eu,104.20.23.122,,,
57,rpout.eurid.eu,185.36.7.14,,,
58,rpout2.eurid.eu,185.36.5.14,,,
59,rt.eurid.eu,185.36.4.18,,,
60,sip.eurid.eu,185.36.7.34,,,
61,stats.eurid.eu,104.20.23.122,,,
62,status.eurid.eu,104.20.23.122,,,
63,trust.eurid.eu,185.36.4.21,,,
64,webapps.eurid.eu,185.36.7.14,,,
65,webapps2.eurid.eu,185.36.5.14,,,
66,webawards.eurid.eu,185.36.6.27,,,
67,webawards.lu.eurid.eu,185.36.4.27,,,
68,webawards.nl.eurid.eu,185.36.6.27,,,
69,webcat.eurid.eu,54.38.96.226,,,
70,whois.eurid.eu,185.36.6.14,,,
71,whois.lu.eurid.eu,185.36.4.14,,,
72,whois.nl.eurid.eu,185.36.6.14,,,
73,why.eurid.eu,185.36.4.21,,,
74,www.eurid.eu,104.31.91.182,,,
75,www.webawards.eurid.eu,185.36.6.27,,,
76,eurid.eu,104.20.23.122,104.20.24.122,2400:cb00:2048:1::6814:177a,2400:cb00:2048:1::6814:187a
77,distance-fetching.eurid.eu,185.36.4.29,,,
78,www.whois.eurid.eu,185.36.6.14,,2001:67c:40:2011::14,
79,outbound.eurid.eu,185.36.6.1,,,
80,das.registry.eu,185.36.6.10,,,
81,acc.registry.eu,185.36.6.103,,,
82,epp.acc.registry.eu,185.36.6.104,,,
83,whois.acc.registry.eu,185.36.6.105,,,
84,das.acc.registry.eu,185.36.6.106,,,
85,notify.acc.eurid.eu,185.36.6.107,,,
86,dnsprobe.acc.eurid.eu,185.36.6.108,,,
87,notify.eurid.eu,185.36.6.11,,,
88,dnsprobe.eurid.eu,185.36.6.12,,,
89,secure.registry.eu,185.36.6.14,,,
90,xn--e1ahcq.xn--e1a4c,185.36.6.17,,,
91,yadifa.eu,185.36.6.19,,,
92,mailinglists.eurid.eu,185.36.6.20,,,
93,gw1.eurid.eu,185.36.6.226,,,
94,gw2.eurid.eu,185.36.6.227,,,
95,fw1.eurid.eu,185.36.6.228,,,
96,outbound.try.eurid.eu,185.36.6.33,,,
97,tryout.registry.eu,185.36.6.39,,,
98,epp.tryout.registry.eu,185.36.6.40,,,
99,whois.tryout.registry.eu,185.36.6.41,,,
100,das.tryout.registry.eu,185.36.6.42,,,
101,notify.tryout.eurid.eu,185.36.6.43,,,
102,dnsprobe.tryout.eurid.eu,185.36.6.44,,,
103,mail-out.registry.eu,185.36.6.5,,,
104,outbound.stg.eurid.eu,185.36.6.65,,,
105,registry.eu,185.36.6.7,,,
106,staging.registry.eu,185.36.6.71,,,
107,epp.staging.registry.eu,185.36.6.72,,,
108,whois.staging.registry.eu,185.36.6.73,,,
109,das.staging.registry.eu,185.36.6.74,,,
110,notify.staging.eurid.eu,185.36.6.75,,,
111,dnsprobe.staging.eurid.eu,185.36.6.76,,,
112,epp.registry.eu,185.36.6.8,,,
113,whois.registry.eu,185.36.6.9,,,
114,outbound.acc.eurid.eu,185.36.6.97,,,
