,ip,host,tcp,udp
0,185.36.7.34,up,"{""22"": {""state"": ""filtered"", ""reason"": ""no-response"", ""name"": ""ssh"", ""product"": """", ""version"": """", ""extrainfo"": """", ""conf"": ""3"", ""cpe"": """"}, ""23"": {""state"": ""filtered"", ""reason"": ""no-response"", ""name"": ""telnet"", ""product"": """", ""version"": """", ""extrainfo"": """", ""conf"": ""3"", ""cpe"": """"}, ""53"": {""state"": ""filtered"", ""reason"": ""no-response"", ""name"": ""domain"", ""product"": """", ""version"": """", ""extrainfo"": """", ""conf"": ""3"", ""cpe"": """"}, ""80"": {""state"": ""open"", ""reason"": ""syn-ack"", ""name"": ""http"", ""product"": """", ""version"": """", ""extrainfo"": """", ""conf"": ""3"", ""cpe"": """"}, ""123"": {""state"": ""filtered"", ""reason"": ""no-response"", ""name"": ""ntp"", ""product"": """", ""version"": """", ""extrainfo"": """", ""conf"": ""3"", ""cpe"": """"}, ""135"": {""state"": ""filtered"", ""reason"": ""no-response"", ""name"": ""msrpc"", ""product"": """", ""version"": """", ""extrainfo"": """", ""conf"": ""3"", ""cpe"": """"}, ""137"": {""state"": ""filtered"", ""reason"": ""no-response"", ""name"": ""netbios-ns"", ""product"": """", ""version"": """", ""extrainfo"": """", ""conf"": ""3"", ""cpe"": """"}, ""138"": {""state"": ""filtered"", ""reason"": ""no-response"", ""name"": ""netbios-dgm"", ""product"": """", ""version"": """", ""extrainfo"": """", ""conf"": ""3"", ""cpe"": """"}, ""139"": {""state"": ""filtered"", ""reason"": ""no-response"", ""name"": ""netbios-ssn"", ""product"": """", ""version"": """", ""extrainfo"": """", ""conf"": ""3"", ""cpe"": """"}, ""161"": {""state"": ""filtered"", ""reason"": ""no-response"", ""name"": ""snmp"", ""product"": """", ""version"": """", ""extrainfo"": """", ""conf"": ""3"", ""cpe"": """"}, ""179"": {""state"": ""filtered"", ""reason"": ""no-response"", ""name"": ""bgp"", ""product"": """", ""version"": """", ""extrainfo"": """", ""conf"": ""3"", ""cpe"": """"}, ""443"": {""state"": ""open"", ""reason"": ""syn-ack"", ""name"": ""sip"", ""product"": ""Microsoft Skype for Business SIP"", ""version"": ""2015"", ""extrainfo"": """", ""conf"": ""10"", ""cpe"": ""cpe:/a:microsoft:skype_for_business:2015""}, ""445"": {""state"": ""filtered"", ""reason"": ""no-response"", ""name"": ""microsoft-ds"", ""product"": """", ""version"": """", ""extrainfo"": """", ""conf"": ""3"", ""cpe"": """"}, ""515"": {""state"": ""filtered"", ""reason"": ""no-response"", ""name"": ""printer"", ""product"": """", ""version"": """", ""extrainfo"": """", ""conf"": ""3"", ""cpe"": """"}, ""3389"": {""state"": ""open"", ""reason"": ""syn-ack"", ""name"": ""ms-wbt-server"", ""product"": """", ""version"": """", ""extrainfo"": """", ""conf"": ""3"", ""cpe"": """"}, ""4443"": {""state"": ""open"", ""reason"": ""syn-ack"", ""name"": ""pharos"", ""product"": """", ""version"": """", ""extrainfo"": """", ""conf"": ""3"", ""cpe"": """"}, ""5061"": {""state"": ""open"", ""reason"": ""syn-ack"", ""name"": ""ssl"", ""product"": ""Microsoft SChannel TLS"", ""version"": """", ""extrainfo"": """", ""conf"": ""10"", ""cpe"": ""cpe:/o:microsoft:windows""}, ""5985"": {""state"": ""open"", ""reason"": ""syn-ack"", ""name"": ""wsman"", ""product"": """", ""version"": """", ""extrainfo"": """", ""conf"": ""3"", ""cpe"": """"}, ""47001"": {""state"": ""open"", ""reason"": ""syn-ack"", ""name"": ""winrm"", ""product"": """", ""version"": """", ""extrainfo"": """", ""conf"": ""3"", ""cpe"": """"}, ""49152"": {""state"": ""open"", ""reason"": ""syn-ack"", ""name"": ""unknown"", ""product"": """", ""version"": """", ""extrainfo"": """", ""conf"": ""3"", ""cpe"": """"}, ""49153"": {""state"": ""open"", ""reason"": ""syn-ack"", ""name"": ""unknown"", ""product"": """", ""version"": """", ""extrainfo"": """", ""conf"": ""3"", ""cpe"": """"}, ""49154"": {""state"": ""open"", ""reason"": ""syn-ack"", ""name"": ""unknown"", ""product"": """", ""version"": """", ""extrainfo"": """", ""conf"": ""3"", ""cpe"": """"}, ""49155"": {""state"": ""open"", ""reason"": ""syn-ack"", ""name"": ""unknown"", ""product"": """", ""version"": """", ""extrainfo"": """", ""conf"": ""3"", ""cpe"": """"}, ""49159"": {""state"": ""open"", ""reason"": ""syn-ack"", ""name"": ""unknown"", ""product"": """", ""version"": """", ""extrainfo"": """", ""conf"": ""3"", ""cpe"": """"}, ""49160"": {""state"": ""open"", ""reason"": ""syn-ack"", ""name"": ""unknown"", ""product"": """", ""version"": """", ""extrainfo"": """", ""conf"": ""3"", ""cpe"": """"}, ""49161"": {""state"": ""open"", ""reason"": ""syn-ack"", ""name"": ""unknown"", ""product"": """", ""version"": """", ""extrainfo"": """", ""conf"": ""3"", ""cpe"": """"}, ""49294"": {""state"": ""open"", ""reason"": ""syn-ack"", ""name"": """", ""product"": """", ""version"": """", ""extrainfo"": """", ""conf"": """", ""cpe"": """"}, ""50001"": {""state"": ""open"", ""reason"": ""syn-ack"", ""name"": ""mc-nmf"", ""product"": "".NET Message Framing"", ""version"": """", ""extrainfo"": """", ""conf"": ""10"", ""cpe"": ""cpe:/o:microsoft:windows""}, ""50002"": {""state"": ""open"", ""reason"": ""syn-ack"", ""name"": ""mc-nmf"", ""product"": "".NET Message Framing"", ""version"": """", ""extrainfo"": """", ""conf"": ""10"", ""cpe"": ""cpe:/o:microsoft:windows""}, ""50003"": {""state"": ""open"", ""reason"": ""syn-ack"", ""name"": ""mc-nmf"", ""product"": "".NET Message Framing"", ""version"": """", ""extrainfo"": """", ""conf"": ""10"", ""cpe"": ""cpe:/o:microsoft:windows""}}",
1,185.36.5.34,up,"{""443"": {""state"": ""open"", ""reason"": ""syn-ack"", ""name"": ""sip"", ""product"": ""Microsoft Skype for Business SIP"", ""version"": ""2015"", ""extrainfo"": """", ""conf"": ""10"", ""cpe"": ""cpe:/a:microsoft:skype_for_business:2015""}, ""5061"": {""state"": ""open"", ""reason"": ""syn-ack"", ""name"": ""ssl"", ""product"": ""Microsoft SChannel TLS"", ""version"": """", ""extrainfo"": """", ""conf"": ""10"", ""cpe"": ""cpe:/o:microsoft:windows""}}",
2,185.36.4.6,up,"{""80"": {""state"": ""open"", ""reason"": ""syn-ack"", ""name"": ""http-proxy"", ""product"": ""F5 BIG-IP load balancer http proxy"", ""version"": """", ""extrainfo"": """", ""conf"": ""10"", ""cpe"": """"}, ""443"": {""state"": ""open"", ""reason"": ""syn-ack"", ""name"": ""http-proxy"", ""product"": ""F5 BIG-IP load balancer http proxy"", ""version"": """", ""extrainfo"": """", ""conf"": ""10"", ""cpe"": """"}}",
3,104.20.23.122,up,"{""80"": {""state"": ""open"", ""reason"": ""syn-ack"", ""name"": ""http"", ""product"": ""cloudflare"", ""version"": """", ""extrainfo"": """", ""conf"": ""10"", ""cpe"": """"}, ""443"": {""state"": ""open"", ""reason"": ""syn-ack"", ""name"": ""https"", ""product"": ""cloudflare"", ""version"": """", ""extrainfo"": """", ""conf"": ""10"", ""cpe"": """"}, ""2052"": {""state"": ""open"", ""reason"": ""syn-ack"", ""name"": ""clearvisn"", ""product"": """", ""version"": """", ""extrainfo"": """", ""conf"": ""3"", ""cpe"": """"}, ""2053"": {""state"": ""open"", ""reason"": ""syn-ack"", ""name"": ""http"", ""product"": ""nginx"", ""version"": """", ""extrainfo"": """", ""conf"": ""10"", ""cpe"": ""cpe:/a:igor_sysoev:nginx""}, ""2082"": {""state"": ""open"", ""reason"": ""syn-ack"", ""name"": ""infowave"", ""product"": """", ""version"": """", ""extrainfo"": """", ""conf"": ""3"", ""cpe"": """"}, ""2083"": {""state"": ""open"", ""reason"": ""syn-ack"", ""name"": ""http"", ""product"": ""nginx"", ""version"": """", ""extrainfo"": """", ""conf"": ""10"", ""cpe"": ""cpe:/a:igor_sysoev:nginx""}, ""2086"": {""state"": ""open"", ""reason"": ""syn-ack"", ""name"": ""gnunet"", ""product"": """", ""version"": """", ""extrainfo"": """", ""conf"": ""3"", ""cpe"": """"}, ""2087"": {""state"": ""open"", ""reason"": ""syn-ack"", ""name"": ""http"", ""product"": ""nginx"", ""version"": """", ""extrainfo"": """", ""conf"": ""10"", ""cpe"": ""cpe:/a:igor_sysoev:nginx""}, ""2095"": {""state"": ""open"", ""reason"": ""syn-ack"", ""name"": ""nbx-ser"", ""product"": """", ""version"": """", ""extrainfo"": """", ""conf"": ""3"", ""cpe"": """"}, ""2096"": {""state"": ""open"", ""reason"": ""syn-ack"", ""name"": ""http"", ""product"": ""nginx"", ""version"": """", ""extrainfo"": """", ""conf"": ""10"", ""cpe"": ""cpe:/a:igor_sysoev:nginx""}, ""8080"": {""state"": ""open"", ""reason"": ""syn-ack"", ""name"": ""http-proxy"", ""product"": ""cloudflare"", ""version"": """", ""extrainfo"": """", ""conf"": ""10"", ""cpe"": """"}, ""8443"": {""state"": ""open"", ""reason"": ""syn-ack"", ""name"": ""https-alt"", ""product"": ""cloudflare"", ""version"": """", ""extrainfo"": """", ""conf"": ""10"", ""cpe"": """"}, ""8880"": {""state"": ""open"", ""reason"": ""syn-ack"", ""name"": ""cddbp-alt"", ""product"": """", ""version"": """", ""extrainfo"": """", ""conf"": ""3"", ""cpe"": """"}}",
4,185.36.4.21,up,"{""80"": {""state"": ""open"", ""reason"": ""syn-ack"", ""name"": ""http-proxy"", ""product"": ""F5 BIG-IP load balancer http proxy"", ""version"": """", ""extrainfo"": """", ""conf"": ""10"", ""cpe"": """"}, ""443"": {""state"": ""open"", ""reason"": ""syn-ack"", ""name"": ""http-proxy"", ""product"": ""F5 BIG-IP load balancer http proxy"", ""version"": """", ""extrainfo"": """", ""conf"": ""10"", ""cpe"": """"}}",
5,185.36.5.5,up,"{""25"": {""state"": ""open"", ""reason"": ""syn-ack"", ""name"": ""smtp"", ""product"": ""Barracuda Networks Spam Firewall smtpd"", ""version"": """", ""extrainfo"": """", ""conf"": ""10"", ""cpe"": ""cpe:/h:barracudanetworks:spam_%26_virus_firewall_600:-""}, ""587"": {""state"": ""open"", ""reason"": ""syn-ack"", ""name"": ""smtp"", ""product"": ""Barracuda Networks Spam Firewall smtpd"", ""version"": """", ""extrainfo"": """", ""conf"": ""10"", ""cpe"": ""cpe:/h:barracudanetworks:spam_%26_virus_firewall_600:-""}}",
6,185.36.5.1,up,,
7,185.36.5.8,up,"{""443"": {""state"": ""open"", ""reason"": ""syn-ack"", ""name"": ""https"", ""product"": """", ""version"": """", ""extrainfo"": """", ""conf"": ""10"", ""cpe"": """"}}",
8,185.36.5.7,up,"{""443"": {""state"": ""open"", ""reason"": ""syn-ack"", ""name"": ""http"", ""product"": ""Jetty"", ""version"": ""9.4.5.v20170502"", ""extrainfo"": """", ""conf"": ""10"", ""cpe"": ""cpe:/a:mortbay:jetty:9.4.5.v20170502""}}",
9,185.36.7.5,up,"{""22"": {""state"": ""filtered"", ""reason"": ""no-response"", ""name"": ""ssh"", ""product"": """", ""version"": """", ""extrainfo"": """", ""conf"": ""3"", ""cpe"": """"}, ""23"": {""state"": ""filtered"", ""reason"": ""no-response"", ""name"": ""telnet"", ""product"": """", ""version"": """", ""extrainfo"": """", ""conf"": ""3"", ""cpe"": """"}, ""25"": {""state"": ""open"", ""reason"": ""syn-ack"", ""name"": ""smtp"", ""product"": ""Barracuda Networks Spam Firewall smtpd"", ""version"": """", ""extrainfo"": """", ""conf"": ""10"", ""cpe"": ""cpe:/h:barracudanetworks:spam_%26_virus_firewall_600:-""}, ""53"": {""state"": ""filtered"", ""reason"": ""no-response"", ""name"": ""domain"", ""product"": """", ""version"": """", ""extrainfo"": """", ""conf"": ""3"", ""cpe"": """"}, ""123"": {""state"": ""filtered"", ""reason"": ""no-response"", ""name"": ""ntp"", ""product"": """", ""version"": """", ""extrainfo"": """", ""conf"": ""3"", ""cpe"": """"}, ""135"": {""state"": ""filtered"", ""reason"": ""no-response"", ""name"": ""msrpc"", ""product"": """", ""version"": """", ""extrainfo"": """", ""conf"": ""3"", ""cpe"": """"}, ""137"": {""state"": ""filtered"", ""reason"": ""no-response"", ""name"": ""netbios-ns"", ""product"": """", ""version"": """", ""extrainfo"": """", ""conf"": ""3"", ""cpe"": """"}, ""138"": {""state"": ""filtered"", ""reason"": ""no-response"", ""name"": ""netbios-dgm"", ""product"": """", ""version"": """", ""extrainfo"": """", ""conf"": ""3"", ""cpe"": """"}, ""139"": {""state"": ""filtered"", ""reason"": ""no-response"", ""name"": ""netbios-ssn"", ""product"": """", ""version"": """", ""extrainfo"": """", ""conf"": ""3"", ""cpe"": """"}, ""161"": {""state"": ""filtered"", ""reason"": ""no-response"", ""name"": ""snmp"", ""product"": """", ""version"": """", ""extrainfo"": """", ""conf"": ""3"", ""cpe"": """"}, ""179"": {""state"": ""filtered"", ""reason"": ""no-response"", ""name"": ""bgp"", ""product"": """", ""version"": """", ""extrainfo"": """", ""conf"": ""3"", ""cpe"": """"}, ""443"": {""state"": ""open"", ""reason"": ""syn-ack"", ""name"": ""http"", ""product"": ""nginx"", ""version"": """", ""extrainfo"": """", ""conf"": ""10"", ""cpe"": ""cpe:/a:igor_sysoev:nginx""}, ""445"": {""state"": ""filtered"", ""reason"": ""no-response"", ""name"": ""microsoft-ds"", ""product"": """", ""version"": """", ""extrainfo"": """", ""conf"": ""3"", ""cpe"": """"}, ""515"": {""state"": ""filtered"", ""reason"": ""no-response"", ""name"": ""printer"", ""product"": """", ""version"": """", ""extrainfo"": """", ""conf"": ""3"", ""cpe"": """"}, ""587"": {""state"": ""open"", ""reason"": ""syn-ack"", ""name"": ""smtp"", ""product"": ""Barracuda Networks Spam Firewall smtpd"", ""version"": """", ""extrainfo"": """", ""conf"": ""10"", ""cpe"": ""cpe:/h:barracudanetworks:spam_%26_virus_firewall_600:-""}, ""8000"": {""state"": ""open"", ""reason"": ""syn-ack"", ""name"": ""http"", ""product"": ""nginx"", ""version"": """", ""extrainfo"": """", ""conf"": ""10"", ""cpe"": ""cpe:/a:igor_sysoev:nginx""}, ""8002"": {""state"": ""open"", ""reason"": ""syn-ack"", ""name"": ""barracuda-bcp"", ""product"": ""Barracuda Web Security Gateway clustering protocol"", ""version"": """", ""extrainfo"": """", ""conf"": ""10"", ""cpe"": ""cpe:/a:barracuda:web_security_gateway""}}",
10,185.36.7.14,up,"{""443"": {""state"": ""open"", ""reason"": ""syn-ack"", ""name"": ""https"", ""product"": """", ""version"": """", ""extrainfo"": """", ""conf"": ""3"", ""cpe"": """"}}",
11,185.36.5.14,up,"{""443"": {""state"": ""open"", ""reason"": ""syn-ack"", ""name"": ""https"", ""product"": """", ""version"": """", ""extrainfo"": """", ""conf"": ""3"", ""cpe"": """"}}",
12,185.36.4.29,up,"{""22"": {""state"": ""filtered"", ""reason"": ""no-response"", ""name"": ""ssh"", ""product"": """", ""version"": """", ""extrainfo"": """", ""conf"": ""3"", ""cpe"": """"}, ""23"": {""state"": ""filtered"", ""reason"": ""no-response"", ""name"": ""telnet"", ""product"": """", ""version"": """", ""extrainfo"": """", ""conf"": ""3"", ""cpe"": """"}, ""123"": {""state"": ""filtered"", ""reason"": ""no-response"", ""name"": ""ntp"", ""product"": """", ""version"": """", ""extrainfo"": """", ""conf"": ""3"", ""cpe"": """"}, ""135"": {""state"": ""filtered"", ""reason"": ""no-response"", ""name"": ""msrpc"", ""product"": """", ""version"": """", ""extrainfo"": """", ""conf"": ""3"", ""cpe"": """"}, ""137"": {""state"": ""filtered"", ""reason"": ""no-response"", ""name"": ""netbios-ns"", ""product"": """", ""version"": """", ""extrainfo"": """", ""conf"": ""3"", ""cpe"": """"}, ""138"": {""state"": ""filtered"", ""reason"": ""no-response"", ""name"": ""netbios-dgm"", ""product"": """", ""version"": """", ""extrainfo"": """", ""conf"": ""3"", ""cpe"": """"}, ""139"": {""state"": ""filtered"", ""reason"": ""no-response"", ""name"": ""netbios-ssn"", ""product"": """", ""version"": """", ""extrainfo"": """", ""conf"": ""3"", ""cpe"": """"}, ""161"": {""state"": ""filtered"", ""reason"": ""no-response"", ""name"": ""snmp"", ""product"": """", ""version"": """", ""extrainfo"": """", ""conf"": ""3"", ""cpe"": """"}, ""179"": {""state"": ""filtered"", ""reason"": ""no-response"", ""name"": ""bgp"", ""product"": """", ""version"": """", ""extrainfo"": """", ""conf"": ""3"", ""cpe"": """"}, ""445"": {""state"": ""filtered"", ""reason"": ""no-response"", ""name"": ""microsoft-ds"", ""product"": """", ""version"": """", ""extrainfo"": """", ""conf"": ""3"", ""cpe"": """"}}",
13,185.36.6.14,up,"{""80"": {""state"": ""open"", ""reason"": ""syn-ack"", ""name"": ""http-proxy"", ""product"": ""F5 BIG-IP load balancer http proxy"", ""version"": """", ""extrainfo"": """", ""conf"": ""10"", ""cpe"": """"}, ""443"": {""state"": ""open"", ""reason"": ""syn-ack"", ""name"": ""http"", ""product"": ""Fortinet FortiGate 50B or FortiWifi 60C or 80C firewall http config"", ""version"": """", ""extrainfo"": """", ""conf"": ""10"", ""cpe"": ""cpe:/h:fortinet:fortiwifi:80c""}}",
14,185.36.4.22,up,"{""80"": {""state"": ""open"", ""reason"": ""syn-ack"", ""name"": ""http-proxy"", ""product"": ""F5 BIG-IP load balancer http proxy"", ""version"": """", ""extrainfo"": """", ""conf"": ""10"", ""cpe"": """"}}",
15,185.36.6.23,up,"{""80"": {""state"": ""open"", ""reason"": ""syn-ack"", ""name"": ""http-proxy"", ""product"": ""F5 BIG-IP load balancer http proxy"", ""version"": """", ""extrainfo"": """", ""conf"": ""10"", ""cpe"": """"}, ""443"": {""state"": ""open"", ""reason"": ""syn-ack"", ""name"": ""http"", ""product"": ""Fortinet FortiGate 50B or FortiWifi 60C or 80C firewall http config"", ""version"": """", ""extrainfo"": """", ""conf"": ""10"", ""cpe"": ""cpe:/h:fortinet:fortiwifi:80c""}}",
16,185.36.4.23,up,"{""80"": {""state"": ""open"", ""reason"": ""syn-ack"", ""name"": ""http-proxy"", ""product"": ""F5 BIG-IP load balancer http proxy"", ""version"": """", ""extrainfo"": """", ""conf"": ""10"", ""cpe"": """"}, ""443"": {""state"": ""open"", ""reason"": ""syn-ack"", ""name"": ""http"", ""product"": ""Fortinet FortiGate 50B or FortiWifi 60C or 80C firewall http config"", ""version"": """", ""extrainfo"": """", ""conf"": ""10"", ""cpe"": ""cpe:/h:fortinet:fortiwifi:80c""}}",
17,185.36.4.26,up,"{""80"": {""state"": ""open"", ""reason"": ""syn-ack"", ""name"": ""http-proxy"", ""product"": ""F5 BIG-IP load balancer http proxy"", ""version"": """", ""extrainfo"": """", ""conf"": ""10"", ""cpe"": """"}, ""443"": {""state"": ""open"", ""reason"": ""syn-ack"", ""name"": ""tcpwrapped"", ""product"": """", ""version"": """", ""extrainfo"": """", ""conf"": ""8"", ""cpe"": """"}}",
18,185.36.5.10,up,"{""80"": {""state"": ""open"", ""reason"": ""syn-ack"", ""name"": ""http-proxy"", ""product"": ""F5 BIG-IP load balancer http proxy"", ""version"": """", ""extrainfo"": """", ""conf"": ""10"", ""cpe"": """"}, ""443"": {""state"": ""open"", ""reason"": ""syn-ack"", ""name"": ""https"", ""product"": ""BigIP"", ""version"": """", ""extrainfo"": """", ""conf"": ""10"", ""cpe"": """"}, ""8080"": {""state"": ""open"", ""reason"": ""syn-ack"", ""name"": ""tcpwrapped"", ""product"": """", ""version"": """", ""extrainfo"": """", ""conf"": ""8"", ""cpe"": """"}}",
19,185.36.5.13,up,"{""80"": {""state"": ""open"", ""reason"": ""syn-ack"", ""name"": ""http-proxy"", ""product"": ""F5 BIG-IP load balancer http proxy"", ""version"": """", ""extrainfo"": """", ""conf"": ""10"", ""cpe"": """"}, ""443"": {""state"": ""open"", ""reason"": ""syn-ack"", ""name"": ""https"", ""product"": """", ""version"": """", ""extrainfo"": """", ""conf"": ""3"", ""cpe"": """"}}",
20,185.36.7.15,up,"{""80"": {""state"": ""open"", ""reason"": ""syn-ack"", ""name"": ""http-proxy"", ""product"": ""F5 BIG-IP load balancer http proxy"", ""version"": """", ""extrainfo"": """", ""conf"": ""10"", ""cpe"": """"}, ""443"": {""state"": ""open"", ""reason"": ""syn-ack"", ""name"": ""https"", ""product"": """", ""version"": """", ""extrainfo"": """", ""conf"": ""10"", ""cpe"": """"}}",
21,185.36.4.14,up,"{""80"": {""state"": ""open"", ""reason"": ""syn-ack"", ""name"": ""http-proxy"", ""product"": ""F5 BIG-IP load balancer http proxy"", ""version"": """", ""extrainfo"": """", ""conf"": ""10"", ""cpe"": """"}, ""443"": {""state"": ""open"", ""reason"": ""syn-ack"", ""name"": ""http"", ""product"": ""Fortinet FortiGate 50B or FortiWifi 60C or 80C firewall http config"", ""version"": """", ""extrainfo"": """", ""conf"": ""10"", ""cpe"": ""cpe:/h:fortinet:fortiwifi:80c""}}",
22,185.36.6.26,up,"{""80"": {""state"": ""open"", ""reason"": ""syn-ack"", ""name"": ""http-proxy"", ""product"": ""F5 BIG-IP load balancer http proxy"", ""version"": """", ""extrainfo"": """", ""conf"": ""10"", ""cpe"": """"}, ""443"": {""state"": ""open"", ""reason"": ""syn-ack"", ""name"": ""tcpwrapped"", ""product"": """", ""version"": """", ""extrainfo"": """", ""conf"": ""8"", ""cpe"": """"}}",
23,185.36.4.252,up,"{""53"": {""state"": ""open"", ""reason"": ""syn-ack"", ""name"": ""domain"", ""product"": ""ISC BIND"", ""version"": ""not advertised"", ""extrainfo"": """", ""conf"": ""10"", ""cpe"": ""cpe:/a:isc:bind:not_advertised""}}",
24,185.36.6.252,up,"{""53"": {""state"": ""open"", ""reason"": ""syn-ack"", ""name"": ""domain"", ""product"": ""ISC BIND"", ""version"": ""not advertised"", ""extrainfo"": """", ""conf"": ""10"", ""cpe"": ""cpe:/a:isc:bind:not_advertised""}}",
25,185.36.4.253,up,"{""53"": {""state"": ""open"", ""reason"": ""syn-ack"", ""name"": ""domain"", ""product"": ""ISC BIND"", ""version"": ""not advertised"", ""extrainfo"": """", ""conf"": ""10"", ""cpe"": ""cpe:/a:isc:bind:not_advertised""}}",
26,185.36.6.253,up,"{""53"": {""state"": ""open"", ""reason"": ""syn-ack"", ""name"": ""domain"", ""product"": ""ISC BIND"", ""version"": ""not advertised"", ""extrainfo"": """", ""conf"": ""10"", ""cpe"": ""cpe:/a:isc:bind:not_advertised""}}",
27,185.151.141.1,up,"{""53"": {""state"": ""open"", ""reason"": ""syn-ack"", ""name"": ""domain"", ""product"": ""ISC BIND"", ""version"": ""ns-2.eu.nl1.bind"", ""extrainfo"": """", ""conf"": ""10"", ""cpe"": ""cpe:/a:isc:bind:ns-2.eu.nl1.bind""}}",
28,185.36.4.18,up,,
29,185.36.6.27,up,"{""80"": {""state"": ""open"", ""reason"": ""syn-ack"", ""name"": ""http-proxy"", ""product"": ""F5 BIG-IP load balancer http proxy"", ""version"": """", ""extrainfo"": """", ""conf"": ""10"", ""cpe"": """"}, ""443"": {""state"": ""open"", ""reason"": ""syn-ack"", ""name"": ""http"", ""product"": ""Fortinet FortiGate 50B or FortiWifi 60C or 80C firewall http config"", ""version"": """", ""extrainfo"": """", ""conf"": ""10"", ""cpe"": ""cpe:/h:fortinet:fortiwifi:80c""}}",
30,185.36.4.27,up,"{""80"": {""state"": ""open"", ""reason"": ""syn-ack"", ""name"": ""http-proxy"", ""product"": ""F5 BIG-IP load balancer http proxy"", ""version"": """", ""extrainfo"": """", ""conf"": ""10"", ""cpe"": """"}, ""443"": {""state"": ""open"", ""reason"": ""syn-ack"", ""name"": ""http"", ""product"": ""Fortinet FortiGate 50B or FortiWifi 60C or 80C firewall http config"", ""version"": """", ""extrainfo"": """", ""conf"": ""10"", ""cpe"": ""cpe:/h:fortinet:fortiwifi:80c""}}",
31,54.38.96.226,up,"{""80"": {""state"": ""open"", ""reason"": ""syn-ack"", ""name"": ""http"", ""product"": ""Apache httpd"", ""version"": """", ""extrainfo"": """", ""conf"": ""10"", ""cpe"": ""cpe:/a:apache:http_server""}, ""135"": {""state"": ""filtered"", ""reason"": ""no-response"", ""name"": ""msrpc"", ""product"": """", ""version"": """", ""extrainfo"": """", ""conf"": ""3"", ""cpe"": """"}, ""137"": {""state"": ""filtered"", ""reason"": ""no-response"", ""name"": ""netbios-ns"", ""product"": """", ""version"": """", ""extrainfo"": """", ""conf"": ""3"", ""cpe"": """"}, ""138"": {""state"": ""filtered"", ""reason"": ""no-response"", ""name"": ""netbios-dgm"", ""product"": """", ""version"": """", ""extrainfo"": """", ""conf"": ""3"", ""cpe"": """"}, ""139"": {""state"": ""filtered"", ""reason"": ""no-response"", ""name"": ""netbios-ssn"", ""product"": """", ""version"": """", ""extrainfo"": """", ""conf"": ""3"", ""cpe"": """"}, ""443"": {""state"": ""open"", ""reason"": ""syn-ack"", ""name"": ""http"", ""product"": ""Apache httpd"", ""version"": """", ""extrainfo"": """", ""conf"": ""10"", ""cpe"": ""cpe:/a:apache:http_server""}, ""445"": {""state"": ""filtered"", ""reason"": ""no-response"", ""name"": ""microsoft-ds"", ""product"": """", ""version"": """", ""extrainfo"": """", ""conf"": ""3"", ""cpe"": """"}}",
32,104.31.91.182,up,"{""80"": {""state"": ""open"", ""reason"": ""syn-ack"", ""name"": ""http"", ""product"": ""cloudflare"", ""version"": """", ""extrainfo"": """", ""conf"": ""10"", ""cpe"": """"}, ""443"": {""state"": ""open"", ""reason"": ""syn-ack"", ""name"": ""https"", ""product"": ""cloudflare"", ""version"": """", ""extrainfo"": """", ""conf"": ""10"", ""cpe"": """"}, ""2052"": {""state"": ""open"", ""reason"": ""syn-ack"", ""name"": ""clearvisn"", ""product"": """", ""version"": """", ""extrainfo"": """", ""conf"": ""3"", ""cpe"": """"}, ""2053"": {""state"": ""open"", ""reason"": ""syn-ack"", ""name"": ""http"", ""product"": ""nginx"", ""version"": """", ""extrainfo"": """", ""conf"": ""10"", ""cpe"": ""cpe:/a:igor_sysoev:nginx""}, ""2083"": {""state"": ""open"", ""reason"": ""syn-ack"", ""name"": ""http"", ""product"": ""nginx"", ""version"": """", ""extrainfo"": """", ""conf"": ""10"", ""cpe"": ""cpe:/a:igor_sysoev:nginx""}, ""2086"": {""state"": ""open"", ""reason"": ""syn-ack"", ""name"": ""gnunet"", ""product"": """", ""version"": """", ""extrainfo"": """", ""conf"": ""3"", ""cpe"": """"}, ""2087"": {""state"": ""open"", ""reason"": ""syn-ack"", ""name"": ""http"", ""product"": ""nginx"", ""version"": """", ""extrainfo"": """", ""conf"": ""10"", ""cpe"": ""cpe:/a:igor_sysoev:nginx""}, ""2096"": {""state"": ""open"", ""reason"": ""syn-ack"", ""name"": ""http"", ""product"": ""nginx"", ""version"": """", ""extrainfo"": """", ""conf"": ""10"", ""cpe"": ""cpe:/a:igor_sysoev:nginx""}, ""8080"": {""state"": ""open"", ""reason"": ""syn-ack"", ""name"": ""http-proxy"", ""product"": ""cloudflare"", ""version"": """", ""extrainfo"": """", ""conf"": ""10"", ""cpe"": """"}, ""8443"": {""state"": ""open"", ""reason"": ""syn-ack"", ""name"": ""https-alt"", ""product"": ""cloudflare"", ""version"": """", ""extrainfo"": """", ""conf"": ""10"", ""cpe"": """"}, ""8880"": {""state"": ""open"", ""reason"": ""syn-ack"", ""name"": ""cddbp-alt"", ""product"": """", ""version"": """", ""extrainfo"": """", ""conf"": ""3"", ""cpe"": """"}}",
33,104.20.24.122,up,"{""80"": {""state"": ""open"", ""reason"": ""syn-ack"", ""name"": ""http"", ""product"": ""cloudflare"", ""version"": """", ""extrainfo"": """", ""conf"": ""10"", ""cpe"": """"}, ""443"": {""state"": ""open"", ""reason"": ""syn-ack"", ""name"": ""https"", ""product"": ""cloudflare"", ""version"": """", ""extrainfo"": """", ""conf"": ""10"", ""cpe"": """"}, ""2053"": {""state"": ""open"", ""reason"": ""syn-ack"", ""name"": ""http"", ""product"": ""nginx"", ""version"": """", ""extrainfo"": """", ""conf"": ""10"", ""cpe"": ""cpe:/a:igor_sysoev:nginx""}, ""2082"": {""state"": ""open"", ""reason"": ""syn-ack"", ""name"": ""infowave"", ""product"": """", ""version"": """", ""extrainfo"": """", ""conf"": ""3"", ""cpe"": """"}, ""2083"": {""state"": ""open"", ""reason"": ""syn-ack"", ""name"": ""http"", ""product"": ""nginx"", ""version"": """", ""extrainfo"": """", ""conf"": ""10"", ""cpe"": ""cpe:/a:igor_sysoev:nginx""}, ""2086"": {""state"": ""open"", ""reason"": ""syn-ack"", ""name"": ""gnunet"", ""product"": """", ""version"": """", ""extrainfo"": """", ""conf"": ""3"", ""cpe"": """"}, ""2087"": {""state"": ""open"", ""reason"": ""syn-ack"", ""name"": ""http"", ""product"": ""nginx"", ""version"": """", ""extrainfo"": """", ""conf"": ""10"", ""cpe"": ""cpe:/a:igor_sysoev:nginx""}, ""2095"": {""state"": ""open"", ""reason"": ""syn-ack"", ""name"": ""nbx-ser"", ""product"": """", ""version"": """", ""extrainfo"": """", ""conf"": ""3"", ""cpe"": """"}, ""2096"": {""state"": ""open"", ""reason"": ""syn-ack"", ""name"": ""http"", ""product"": ""nginx"", ""version"": """", ""extrainfo"": """", ""conf"": ""10"", ""cpe"": ""cpe:/a:igor_sysoev:nginx""}, ""8080"": {""state"": ""open"", ""reason"": ""syn-ack"", ""name"": ""http-proxy"", ""product"": ""cloudflare"", ""version"": """", ""extrainfo"": """", ""conf"": ""10"", ""cpe"": """"}, ""8443"": {""state"": ""open"", ""reason"": ""syn-ack"", ""name"": ""https-alt"", ""product"": ""cloudflare"", ""version"": """", ""extrainfo"": """", ""conf"": ""10"", ""cpe"": """"}, ""8880"": {""state"": ""open"", ""reason"": ""syn-ack"", ""name"": ""cddbp-alt"", ""product"": """", ""version"": """", ""extrainfo"": """", ""conf"": ""3"", ""cpe"": """"}}",
34,185.36.6.1,up,"{""22"": {""state"": ""filtered"", ""reason"": ""no-response"", ""name"": ""ssh"", ""product"": """", ""version"": """", ""extrainfo"": """", ""conf"": ""3"", ""cpe"": """"}, ""23"": {""state"": ""filtered"", ""reason"": ""no-response"", ""name"": ""telnet"", ""product"": """", ""version"": """", ""extrainfo"": """", ""conf"": ""3"", ""cpe"": """"}, ""123"": {""state"": ""filtered"", ""reason"": ""no-response"", ""name"": ""ntp"", ""product"": """", ""version"": """", ""extrainfo"": """", ""conf"": ""3"", ""cpe"": """"}, ""135"": {""state"": ""filtered"", ""reason"": ""no-response"", ""name"": ""msrpc"", ""product"": """", ""version"": """", ""extrainfo"": """", ""conf"": ""3"", ""cpe"": """"}, ""137"": {""state"": ""filtered"", ""reason"": ""no-response"", ""name"": ""netbios-ns"", ""product"": """", ""version"": """", ""extrainfo"": """", ""conf"": ""3"", ""cpe"": """"}, ""138"": {""state"": ""filtered"", ""reason"": ""no-response"", ""name"": ""netbios-dgm"", ""product"": """", ""version"": """", ""extrainfo"": """", ""conf"": ""3"", ""cpe"": """"}, ""139"": {""state"": ""filtered"", ""reason"": ""no-response"", ""name"": ""netbios-ssn"", ""product"": """", ""version"": """", ""extrainfo"": """", ""conf"": ""3"", ""cpe"": """"}, ""161"": {""state"": ""filtered"", ""reason"": ""no-response"", ""name"": ""snmp"", ""product"": """", ""version"": """", ""extrainfo"": """", ""conf"": ""3"", ""cpe"": """"}, ""179"": {""state"": ""filtered"", ""reason"": ""no-response"", ""name"": ""bgp"", ""product"": """", ""version"": """", ""extrainfo"": """", ""conf"": ""3"", ""cpe"": """"}, ""445"": {""state"": ""filtered"", ""reason"": ""no-response"", ""name"": ""microsoft-ds"", ""product"": """", ""version"": """", ""extrainfo"": """", ""conf"": ""3"", ""cpe"": """"}}",
35,185.36.6.10,up,"{""4343"": {""state"": ""open"", ""reason"": ""syn-ack"", ""name"": ""unicall"", ""product"": """", ""version"": """", ""extrainfo"": """", ""conf"": ""3"", ""cpe"": """"}}",
36,185.36.6.103,up,,
37,185.36.6.104,up,,
38,185.36.7.34,up,"{""22"": {""state"": ""filtered"", ""reason"": ""no-response"", ""name"": ""ssh"", ""product"": """", ""version"": """", ""extrainfo"": """", ""conf"": ""3"", ""cpe"": """"}, ""23"": {""state"": ""filtered"", ""reason"": ""no-response"", ""name"": ""telnet"", ""product"": """", ""version"": """", ""extrainfo"": """", ""conf"": ""3"", ""cpe"": """"}, ""53"": {""state"": ""filtered"", ""reason"": ""no-response"", ""name"": ""domain"", ""product"": """", ""version"": """", ""extrainfo"": """", ""conf"": ""3"", ""cpe"": """"}, ""80"": {""state"": ""open"", ""reason"": ""syn-ack"", ""name"": ""http"", ""product"": """", ""version"": """", ""extrainfo"": """", ""conf"": ""3"", ""cpe"": """"}, ""123"": {""state"": ""filtered"", ""reason"": ""no-response"", ""name"": ""ntp"", ""product"": """", ""version"": """", ""extrainfo"": """", ""conf"": ""3"", ""cpe"": """"}, ""135"": {""state"": ""filtered"", ""reason"": ""no-response"", ""name"": ""msrpc"", ""product"": """", ""version"": """", ""extrainfo"": """", ""conf"": ""3"", ""cpe"": """"}, ""137"": {""state"": ""filtered"", ""reason"": ""no-response"", ""name"": ""netbios-ns"", ""product"": """", ""version"": """", ""extrainfo"": """", ""conf"": ""3"", ""cpe"": """"}, ""138"": {""state"": ""filtered"", ""reason"": ""no-response"", ""name"": ""netbios-dgm"", ""product"": """", ""version"": """", ""extrainfo"": """", ""conf"": ""3"", ""cpe"": """"}, ""139"": {""state"": ""filtered"", ""reason"": ""no-response"", ""name"": ""netbios-ssn"", ""product"": """", ""version"": """", ""extrainfo"": """", ""conf"": ""3"", ""cpe"": """"}, ""161"": {""state"": ""filtered"", ""reason"": ""no-response"", ""name"": ""snmp"", ""product"": """", ""version"": """", ""extrainfo"": """", ""conf"": ""3"", ""cpe"": """"}, ""179"": {""state"": ""filtered"", ""reason"": ""no-response"", ""name"": ""bgp"", ""product"": """", ""version"": """", ""extrainfo"": """", ""conf"": ""3"", ""cpe"": """"}, ""443"": {""state"": ""open"", ""reason"": ""syn-ack"", ""name"": ""sip"", ""product"": ""Microsoft Skype for Business SIP"", ""version"": ""2015"", ""extrainfo"": """", ""conf"": ""10"", ""cpe"": ""cpe:/a:microsoft:skype_for_business:2015""}, ""445"": {""state"": ""filtered"", ""reason"": ""no-response"", ""name"": ""microsoft-ds"", ""product"": """", ""version"": """", ""extrainfo"": """", ""conf"": ""3"", ""cpe"": """"}, ""515"": {""state"": ""filtered"", ""reason"": ""no-response"", ""name"": ""printer"", ""product"": """", ""version"": """", ""extrainfo"": """", ""conf"": ""3"", ""cpe"": """"}, ""3389"": {""state"": ""open"", ""reason"": ""syn-ack"", ""name"": ""ms-wbt-server"", ""product"": """", ""version"": """", ""extrainfo"": """", ""conf"": ""3"", ""cpe"": """"}, ""4443"": {""state"": ""open"", ""reason"": ""syn-ack"", ""name"": ""pharos"", ""product"": """", ""version"": """", ""extrainfo"": """", ""conf"": ""3"", ""cpe"": """"}, ""5061"": {""state"": ""open"", ""reason"": ""syn-ack"", ""name"": ""ssl"", ""product"": ""Microsoft SChannel TLS"", ""version"": """", ""extrainfo"": """", ""conf"": ""10"", ""cpe"": ""cpe:/o:microsoft:windows""}, ""5985"": {""state"": ""open"", ""reason"": ""syn-ack"", ""name"": ""wsman"", ""product"": """", ""version"": """", ""extrainfo"": """", ""conf"": ""3"", ""cpe"": """"}, ""47001"": {""state"": ""open"", ""reason"": ""syn-ack"", ""name"": ""winrm"", ""product"": """", ""version"": """", ""extrainfo"": """", ""conf"": ""3"", ""cpe"": """"}, ""49152"": {""state"": ""open"", ""reason"": ""syn-ack"", ""name"": ""unknown"", ""product"": """", ""version"": """", ""extrainfo"": """", ""conf"": ""3"", ""cpe"": """"}, ""49153"": {""state"": ""open"", ""reason"": ""syn-ack"", ""name"": ""unknown"", ""product"": """", ""version"": """", ""extrainfo"": """", ""conf"": ""3"", ""cpe"": """"}, ""49154"": {""state"": ""open"", ""reason"": ""syn-ack"", ""name"": ""unknown"", ""product"": """", ""version"": """", ""extrainfo"": """", ""conf"": ""3"", ""cpe"": """"}, ""49155"": {""state"": ""open"", ""reason"": ""syn-ack"", ""name"": ""unknown"", ""product"": """", ""version"": """", ""extrainfo"": """", ""conf"": ""3"", ""cpe"": """"}, ""49159"": {""state"": ""open"", ""reason"": ""syn-ack"", ""name"": ""unknown"", ""product"": """", ""version"": """", ""extrainfo"": """", ""conf"": ""3"", ""cpe"": """"}, ""49160"": {""state"": ""open"", ""reason"": ""syn-ack"", ""name"": ""unknown"", ""product"": """", ""version"": """", ""extrainfo"": """", ""conf"": ""3"", ""cpe"": """"}, ""49161"": {""state"": ""open"", ""reason"": ""syn-ack"", ""name"": ""unknown"", ""product"": """", ""version"": """", ""extrainfo"": """", ""conf"": ""3"", ""cpe"": """"}, ""49294"": {""state"": ""open"", ""reason"": ""syn-ack"", ""name"": """", ""product"": """", ""version"": """", ""extrainfo"": """", ""conf"": """", ""cpe"": """"}, ""50001"": {""state"": ""open"", ""reason"": ""syn-ack"", ""name"": ""mc-nmf"", ""product"": "".NET Message Framing"", ""version"": """", ""extrainfo"": """", ""conf"": ""10"", ""cpe"": ""cpe:/o:microsoft:windows""}, ""50002"": {""state"": ""open"", ""reason"": ""syn-ack"", ""name"": ""mc-nmf"", ""product"": "".NET Message Framing"", ""version"": """", ""extrainfo"": """", ""conf"": ""10"", ""cpe"": ""cpe:/o:microsoft:windows""}, ""50003"": {""state"": ""open"", ""reason"": ""syn-ack"", ""name"": ""mc-nmf"", ""product"": "".NET Message Framing"", ""version"": """", ""extrainfo"": """", ""conf"": ""10"", ""cpe"": ""cpe:/o:microsoft:windows""}}",
39,185.36.5.34,up,"{""443"": {""state"": ""open"", ""reason"": ""syn-ack"", ""name"": ""sip"", ""product"": ""Microsoft Skype for Business SIP"", ""version"": ""2015"", ""extrainfo"": """", ""conf"": ""10"", ""cpe"": ""cpe:/a:microsoft:skype_for_business:2015""}, ""5061"": {""state"": ""open"", ""reason"": ""syn-ack"", ""name"": ""ssl"", ""product"": ""Microsoft SChannel TLS"", ""version"": """", ""extrainfo"": """", ""conf"": ""10"", ""cpe"": ""cpe:/o:microsoft:windows""}}",
40,185.36.4.6,up,"{""80"": {""state"": ""open"", ""reason"": ""syn-ack"", ""name"": ""http-proxy"", ""product"": ""F5 BIG-IP load balancer http proxy"", ""version"": """", ""extrainfo"": """", ""conf"": ""10"", ""cpe"": """"}, ""443"": {""state"": ""open"", ""reason"": ""syn-ack"", ""name"": ""http-proxy"", ""product"": ""F5 BIG-IP load balancer http proxy"", ""version"": """", ""extrainfo"": """", ""conf"": ""10"", ""cpe"": """"}}",
41,104.20.23.122,up,"{""80"": {""state"": ""open"", ""reason"": ""syn-ack"", ""name"": ""http"", ""product"": ""cloudflare"", ""version"": """", ""extrainfo"": """", ""conf"": ""10"", ""cpe"": """"}, ""443"": {""state"": ""open"", ""reason"": ""syn-ack"", ""name"": ""https"", ""product"": ""cloudflare"", ""version"": """", ""extrainfo"": """", ""conf"": ""10"", ""cpe"": """"}, ""2052"": {""state"": ""open"", ""reason"": ""syn-ack"", ""name"": ""clearvisn"", ""product"": """", ""version"": """", ""extrainfo"": """", ""conf"": ""3"", ""cpe"": """"}, ""2053"": {""state"": ""open"", ""reason"": ""syn-ack"", ""name"": ""http"", ""product"": ""nginx"", ""version"": """", ""extrainfo"": """", ""conf"": ""10"", ""cpe"": ""cpe:/a:igor_sysoev:nginx""}, ""2082"": {""state"": ""open"", ""reason"": ""syn-ack"", ""name"": ""infowave"", ""product"": """", ""version"": """", ""extrainfo"": """", ""conf"": ""3"", ""cpe"": """"}, ""2083"": {""state"": ""open"", ""reason"": ""syn-ack"", ""name"": ""http"", ""product"": ""nginx"", ""version"": """", ""extrainfo"": """", ""conf"": ""10"", ""cpe"": ""cpe:/a:igor_sysoev:nginx""}, ""2086"": {""state"": ""open"", ""reason"": ""syn-ack"", ""name"": ""gnunet"", ""product"": """", ""version"": """", ""extrainfo"": """", ""conf"": ""3"", ""cpe"": """"}, ""2087"": {""state"": ""open"", ""reason"": ""syn-ack"", ""name"": ""http"", ""product"": ""nginx"", ""version"": """", ""extrainfo"": """", ""conf"": ""10"", ""cpe"": ""cpe:/a:igor_sysoev:nginx""}, ""2095"": {""state"": ""open"", ""reason"": ""syn-ack"", ""name"": ""nbx-ser"", ""product"": """", ""version"": """", ""extrainfo"": """", ""conf"": ""3"", ""cpe"": """"}, ""2096"": {""state"": ""open"", ""reason"": ""syn-ack"", ""name"": ""http"", ""product"": ""nginx"", ""version"": """", ""extrainfo"": """", ""conf"": ""10"", ""cpe"": ""cpe:/a:igor_sysoev:nginx""}, ""8080"": {""state"": ""open"", ""reason"": ""syn-ack"", ""name"": ""http-proxy"", ""product"": ""cloudflare"", ""version"": """", ""extrainfo"": """", ""conf"": ""10"", ""cpe"": """"}, ""8443"": {""state"": ""open"", ""reason"": ""syn-ack"", ""name"": ""https-alt"", ""product"": ""cloudflare"", ""version"": """", ""extrainfo"": """", ""conf"": ""10"", ""cpe"": """"}, ""8880"": {""state"": ""open"", ""reason"": ""syn-ack"", ""name"": ""cddbp-alt"", ""product"": """", ""version"": """", ""extrainfo"": """", ""conf"": ""3"", ""cpe"": """"}}",
42,185.36.4.21,up,"{""80"": {""state"": ""open"", ""reason"": ""syn-ack"", ""name"": ""http-proxy"", ""product"": ""F5 BIG-IP load balancer http proxy"", ""version"": """", ""extrainfo"": """", ""conf"": ""10"", ""cpe"": """"}, ""443"": {""state"": ""open"", ""reason"": ""syn-ack"", ""name"": ""http-proxy"", ""product"": ""F5 BIG-IP load balancer http proxy"", ""version"": """", ""extrainfo"": """", ""conf"": ""10"", ""cpe"": """"}}",
43,185.36.5.5,up,"{""25"": {""state"": ""open"", ""reason"": ""syn-ack"", ""name"": ""smtp"", ""product"": ""Barracuda Networks Spam Firewall smtpd"", ""version"": """", ""extrainfo"": """", ""conf"": ""10"", ""cpe"": ""cpe:/h:barracudanetworks:spam_%26_virus_firewall_600:-""}, ""587"": {""state"": ""open"", ""reason"": ""syn-ack"", ""name"": ""smtp"", ""product"": ""Barracuda Networks Spam Firewall smtpd"", ""version"": """", ""extrainfo"": """", ""conf"": ""10"", ""cpe"": ""cpe:/h:barracudanetworks:spam_%26_virus_firewall_600:-""}}",
44,185.36.5.1,up,,
45,185.36.5.8,up,"{""443"": {""state"": ""open"", ""reason"": ""syn-ack"", ""name"": ""https"", ""product"": """", ""version"": """", ""extrainfo"": """", ""conf"": ""10"", ""cpe"": """"}}",
46,185.36.5.7,up,"{""443"": {""state"": ""open"", ""reason"": ""syn-ack"", ""name"": ""http"", ""product"": ""Jetty"", ""version"": ""9.4.5.v20170502"", ""extrainfo"": """", ""conf"": ""10"", ""cpe"": ""cpe:/a:mortbay:jetty:9.4.5.v20170502""}}",
47,185.36.7.5,up,"{""22"": {""state"": ""filtered"", ""reason"": ""no-response"", ""name"": ""ssh"", ""product"": """", ""version"": """", ""extrainfo"": """", ""conf"": ""3"", ""cpe"": """"}, ""23"": {""state"": ""filtered"", ""reason"": ""no-response"", ""name"": ""telnet"", ""product"": """", ""version"": """", ""extrainfo"": """", ""conf"": ""3"", ""cpe"": """"}, ""25"": {""state"": ""open"", ""reason"": ""syn-ack"", ""name"": ""smtp"", ""product"": ""Barracuda Networks Spam Firewall smtpd"", ""version"": """", ""extrainfo"": """", ""conf"": ""10"", ""cpe"": ""cpe:/h:barracudanetworks:spam_%26_virus_firewall_600:-""}, ""53"": {""state"": ""filtered"", ""reason"": ""no-response"", ""name"": ""domain"", ""product"": """", ""version"": """", ""extrainfo"": """", ""conf"": ""3"", ""cpe"": """"}, ""123"": {""state"": ""filtered"", ""reason"": ""no-response"", ""name"": ""ntp"", ""product"": """", ""version"": """", ""extrainfo"": """", ""conf"": ""3"", ""cpe"": """"}, ""135"": {""state"": ""filtered"", ""reason"": ""no-response"", ""name"": ""msrpc"", ""product"": """", ""version"": """", ""extrainfo"": """", ""conf"": ""3"", ""cpe"": """"}, ""137"": {""state"": ""filtered"", ""reason"": ""no-response"", ""name"": ""netbios-ns"", ""product"": """", ""version"": """", ""extrainfo"": """", ""conf"": ""3"", ""cpe"": """"}, ""138"": {""state"": ""filtered"", ""reason"": ""no-response"", ""name"": ""netbios-dgm"", ""product"": """", ""version"": """", ""extrainfo"": """", ""conf"": ""3"", ""cpe"": """"}, ""139"": {""state"": ""filtered"", ""reason"": ""no-response"", ""name"": ""netbios-ssn"", ""product"": """", ""version"": """", ""extrainfo"": """", ""conf"": ""3"", ""cpe"": """"}, ""161"": {""state"": ""filtered"", ""reason"": ""no-response"", ""name"": ""snmp"", ""product"": """", ""version"": """", ""extrainfo"": """", ""conf"": ""3"", ""cpe"": """"}, ""179"": {""state"": ""filtered"", ""reason"": ""no-response"", ""name"": ""bgp"", ""product"": """", ""version"": """", ""extrainfo"": """", ""conf"": ""3"", ""cpe"": """"}, ""443"": {""state"": ""open"", ""reason"": ""syn-ack"", ""name"": ""http"", ""product"": ""nginx"", ""version"": """", ""extrainfo"": """", ""conf"": ""10"", ""cpe"": ""cpe:/a:igor_sysoev:nginx""}, ""445"": {""state"": ""filtered"", ""reason"": ""no-response"", ""name"": ""microsoft-ds"", ""product"": """", ""version"": """", ""extrainfo"": """", ""conf"": ""3"", ""cpe"": """"}, ""515"": {""state"": ""filtered"", ""reason"": ""no-response"", ""name"": ""printer"", ""product"": """", ""version"": """", ""extrainfo"": """", ""conf"": ""3"", ""cpe"": """"}, ""587"": {""state"": ""open"", ""reason"": ""syn-ack"", ""name"": ""smtp"", ""product"": ""Barracuda Networks Spam Firewall smtpd"", ""version"": """", ""extrainfo"": """", ""conf"": ""10"", ""cpe"": ""cpe:/h:barracudanetworks:spam_%26_virus_firewall_600:-""}, ""8000"": {""state"": ""open"", ""reason"": ""syn-ack"", ""name"": ""http"", ""product"": ""nginx"", ""version"": """", ""extrainfo"": """", ""conf"": ""10"", ""cpe"": ""cpe:/a:igor_sysoev:nginx""}, ""8002"": {""state"": ""open"", ""reason"": ""syn-ack"", ""name"": ""barracuda-bcp"", ""product"": ""Barracuda Web Security Gateway clustering protocol"", ""version"": """", ""extrainfo"": """", ""conf"": ""10"", ""cpe"": ""cpe:/a:barracuda:web_security_gateway""}}",
48,185.36.7.14,up,"{""443"": {""state"": ""open"", ""reason"": ""syn-ack"", ""name"": ""https"", ""product"": """", ""version"": """", ""extrainfo"": """", ""conf"": ""3"", ""cpe"": """"}}",
49,185.36.5.14,up,"{""443"": {""state"": ""open"", ""reason"": ""syn-ack"", ""name"": ""https"", ""product"": """", ""version"": """", ""extrainfo"": """", ""conf"": ""3"", ""cpe"": """"}}",
50,185.36.4.29,up,"{""22"": {""state"": ""filtered"", ""reason"": ""no-response"", ""name"": ""ssh"", ""product"": """", ""version"": """", ""extrainfo"": """", ""conf"": ""3"", ""cpe"": """"}, ""23"": {""state"": ""filtered"", ""reason"": ""no-response"", ""name"": ""telnet"", ""product"": """", ""version"": """", ""extrainfo"": """", ""conf"": ""3"", ""cpe"": """"}, ""123"": {""state"": ""filtered"", ""reason"": ""no-response"", ""name"": ""ntp"", ""product"": """", ""version"": """", ""extrainfo"": """", ""conf"": ""3"", ""cpe"": """"}, ""135"": {""state"": ""filtered"", ""reason"": ""no-response"", ""name"": ""msrpc"", ""product"": """", ""version"": """", ""extrainfo"": """", ""conf"": ""3"", ""cpe"": """"}, ""137"": {""state"": ""filtered"", ""reason"": ""no-response"", ""name"": ""netbios-ns"", ""product"": """", ""version"": """", ""extrainfo"": """", ""conf"": ""3"", ""cpe"": """"}, ""138"": {""state"": ""filtered"", ""reason"": ""no-response"", ""name"": ""netbios-dgm"", ""product"": """", ""version"": """", ""extrainfo"": """", ""conf"": ""3"", ""cpe"": """"}, ""139"": {""state"": ""filtered"", ""reason"": ""no-response"", ""name"": ""netbios-ssn"", ""product"": """", ""version"": """", ""extrainfo"": """", ""conf"": ""3"", ""cpe"": """"}, ""161"": {""state"": ""filtered"", ""reason"": ""no-response"", ""name"": ""snmp"", ""product"": """", ""version"": """", ""extrainfo"": """", ""conf"": ""3"", ""cpe"": """"}, ""179"": {""state"": ""filtered"", ""reason"": ""no-response"", ""name"": ""bgp"", ""product"": """", ""version"": """", ""extrainfo"": """", ""conf"": ""3"", ""cpe"": """"}, ""445"": {""state"": ""filtered"", ""reason"": ""no-response"", ""name"": ""microsoft-ds"", ""product"": """", ""version"": """", ""extrainfo"": """", ""conf"": ""3"", ""cpe"": """"}}",
51,185.36.6.14,up,"{""80"": {""state"": ""open"", ""reason"": ""syn-ack"", ""name"": ""http-proxy"", ""product"": ""F5 BIG-IP load balancer http proxy"", ""version"": """", ""extrainfo"": """", ""conf"": ""10"", ""cpe"": """"}, ""443"": {""state"": ""open"", ""reason"": ""syn-ack"", ""name"": ""http"", ""product"": ""Fortinet FortiGate 50B or FortiWifi 60C or 80C firewall http config"", ""version"": """", ""extrainfo"": """", ""conf"": ""10"", ""cpe"": ""cpe:/h:fortinet:fortiwifi:80c""}}",
52,185.36.4.22,up,"{""80"": {""state"": ""open"", ""reason"": ""syn-ack"", ""name"": ""http-proxy"", ""product"": ""F5 BIG-IP load balancer http proxy"", ""version"": """", ""extrainfo"": """", ""conf"": ""10"", ""cpe"": """"}}",
53,185.36.6.23,up,"{""80"": {""state"": ""open"", ""reason"": ""syn-ack"", ""name"": ""http-proxy"", ""product"": ""F5 BIG-IP load balancer http proxy"", ""version"": """", ""extrainfo"": """", ""conf"": ""10"", ""cpe"": """"}, ""443"": {""state"": ""open"", ""reason"": ""syn-ack"", ""name"": ""http"", ""product"": ""Fortinet FortiGate 50B or FortiWifi 60C or 80C firewall http config"", ""version"": """", ""extrainfo"": """", ""conf"": ""10"", ""cpe"": ""cpe:/h:fortinet:fortiwifi:80c""}}",
54,185.36.4.23,up,"{""80"": {""state"": ""open"", ""reason"": ""syn-ack"", ""name"": ""http-proxy"", ""product"": ""F5 BIG-IP load balancer http proxy"", ""version"": """", ""extrainfo"": """", ""conf"": ""10"", ""cpe"": """"}, ""443"": {""state"": ""open"", ""reason"": ""syn-ack"", ""name"": ""http"", ""product"": ""Fortinet FortiGate 50B or FortiWifi 60C or 80C firewall http config"", ""version"": """", ""extrainfo"": """", ""conf"": ""10"", ""cpe"": ""cpe:/h:fortinet:fortiwifi:80c""}}",
55,185.36.4.26,up,"{""80"": {""state"": ""open"", ""reason"": ""syn-ack"", ""name"": ""http-proxy"", ""product"": ""F5 BIG-IP load balancer http proxy"", ""version"": """", ""extrainfo"": """", ""conf"": ""10"", ""cpe"": """"}, ""443"": {""state"": ""open"", ""reason"": ""syn-ack"", ""name"": ""tcpwrapped"", ""product"": """", ""version"": """", ""extrainfo"": """", ""conf"": ""8"", ""cpe"": """"}}",
56,185.36.5.10,up,"{""80"": {""state"": ""open"", ""reason"": ""syn-ack"", ""name"": ""http-proxy"", ""product"": ""F5 BIG-IP load balancer http proxy"", ""version"": """", ""extrainfo"": """", ""conf"": ""10"", ""cpe"": """"}, ""443"": {""state"": ""open"", ""reason"": ""syn-ack"", ""name"": ""https"", ""product"": ""BigIP"", ""version"": """", ""extrainfo"": """", ""conf"": ""10"", ""cpe"": """"}, ""8080"": {""state"": ""open"", ""reason"": ""syn-ack"", ""name"": ""tcpwrapped"", ""product"": """", ""version"": """", ""extrainfo"": """", ""conf"": ""8"", ""cpe"": """"}}",
57,185.36.5.13,up,"{""80"": {""state"": ""open"", ""reason"": ""syn-ack"", ""name"": ""http-proxy"", ""product"": ""F5 BIG-IP load balancer http proxy"", ""version"": """", ""extrainfo"": """", ""conf"": ""10"", ""cpe"": """"}, ""443"": {""state"": ""open"", ""reason"": ""syn-ack"", ""name"": ""https"", ""product"": """", ""version"": """", ""extrainfo"": """", ""conf"": ""3"", ""cpe"": """"}}",
58,185.36.7.15,up,"{""80"": {""state"": ""open"", ""reason"": ""syn-ack"", ""name"": ""http-proxy"", ""product"": ""F5 BIG-IP load balancer http proxy"", ""version"": """", ""extrainfo"": """", ""conf"": ""10"", ""cpe"": """"}, ""443"": {""state"": ""open"", ""reason"": ""syn-ack"", ""name"": ""https"", ""product"": """", ""version"": """", ""extrainfo"": """", ""conf"": ""10"", ""cpe"": """"}}",
59,185.36.4.14,up,"{""80"": {""state"": ""open"", ""reason"": ""syn-ack"", ""name"": ""http-proxy"", ""product"": ""F5 BIG-IP load balancer http proxy"", ""version"": """", ""extrainfo"": """", ""conf"": ""10"", ""cpe"": """"}, ""443"": {""state"": ""open"", ""reason"": ""syn-ack"", ""name"": ""http"", ""product"": ""Fortinet FortiGate 50B or FortiWifi 60C or 80C firewall http config"", ""version"": """", ""extrainfo"": """", ""conf"": ""10"", ""cpe"": ""cpe:/h:fortinet:fortiwifi:80c""}}",
60,185.36.6.26,up,"{""80"": {""state"": ""open"", ""reason"": ""syn-ack"", ""name"": ""http-proxy"", ""product"": ""F5 BIG-IP load balancer http proxy"", ""version"": """", ""extrainfo"": """", ""conf"": ""10"", ""cpe"": """"}, ""443"": {""state"": ""open"", ""reason"": ""syn-ack"", ""name"": ""tcpwrapped"", ""product"": """", ""version"": """", ""extrainfo"": """", ""conf"": ""8"", ""cpe"": """"}}",
61,185.36.4.252,up,"{""53"": {""state"": ""open"", ""reason"": ""syn-ack"", ""name"": ""domain"", ""product"": ""ISC BIND"", ""version"": ""not advertised"", ""extrainfo"": """", ""conf"": ""10"", ""cpe"": ""cpe:/a:isc:bind:not_advertised""}}",
62,185.36.6.252,up,"{""53"": {""state"": ""open"", ""reason"": ""syn-ack"", ""name"": ""domain"", ""product"": ""ISC BIND"", ""version"": ""not advertised"", ""extrainfo"": """", ""conf"": ""10"", ""cpe"": ""cpe:/a:isc:bind:not_advertised""}}",
63,185.36.4.253,up,"{""53"": {""state"": ""open"", ""reason"": ""syn-ack"", ""name"": ""domain"", ""product"": ""ISC BIND"", ""version"": ""not advertised"", ""extrainfo"": """", ""conf"": ""10"", ""cpe"": ""cpe:/a:isc:bind:not_advertised""}}",
64,185.36.6.253,up,"{""53"": {""state"": ""open"", ""reason"": ""syn-ack"", ""name"": ""domain"", ""product"": ""ISC BIND"", ""version"": ""not advertised"", ""extrainfo"": """", ""conf"": ""10"", ""cpe"": ""cpe:/a:isc:bind:not_advertised""}}",
65,185.151.141.1,up,"{""53"": {""state"": ""open"", ""reason"": ""syn-ack"", ""name"": ""domain"", ""product"": ""ISC BIND"", ""version"": ""ns-2.eu.de8.bind"", ""extrainfo"": """", ""conf"": ""10"", ""cpe"": ""cpe:/a:isc:bind:ns-2.eu.de8.bind""}}",
66,185.36.4.18,up,,
67,185.36.6.27,up,"{""80"": {""state"": ""open"", ""reason"": ""syn-ack"", ""name"": ""http-proxy"", ""product"": ""F5 BIG-IP load balancer http proxy"", ""version"": """", ""extrainfo"": """", ""conf"": ""10"", ""cpe"": """"}, ""443"": {""state"": ""open"", ""reason"": ""syn-ack"", ""name"": ""http"", ""product"": ""Fortinet FortiGate 50B or FortiWifi 60C or 80C firewall http config"", ""version"": """", ""extrainfo"": """", ""conf"": ""10"", ""cpe"": ""cpe:/h:fortinet:fortiwifi:80c""}}",
68,185.36.4.27,up,"{""80"": {""state"": ""open"", ""reason"": ""syn-ack"", ""name"": ""http-proxy"", ""product"": ""F5 BIG-IP load balancer http proxy"", ""version"": """", ""extrainfo"": """", ""conf"": ""10"", ""cpe"": """"}, ""443"": {""state"": ""open"", ""reason"": ""syn-ack"", ""name"": ""http"", ""product"": ""Fortinet FortiGate 50B or FortiWifi 60C or 80C firewall http config"", ""version"": """", ""extrainfo"": """", ""conf"": ""10"", ""cpe"": ""cpe:/h:fortinet:fortiwifi:80c""}}",
69,54.38.96.226,up,"{""80"": {""state"": ""open"", ""reason"": ""syn-ack"", ""name"": ""http"", ""product"": ""Apache httpd"", ""version"": """", ""extrainfo"": """", ""conf"": ""10"", ""cpe"": ""cpe:/a:apache:http_server""}, ""135"": {""state"": ""filtered"", ""reason"": ""no-response"", ""name"": ""msrpc"", ""product"": """", ""version"": """", ""extrainfo"": """", ""conf"": ""3"", ""cpe"": """"}, ""137"": {""state"": ""filtered"", ""reason"": ""no-response"", ""name"": ""netbios-ns"", ""product"": """", ""version"": """", ""extrainfo"": """", ""conf"": ""3"", ""cpe"": """"}, ""138"": {""state"": ""filtered"", ""reason"": ""no-response"", ""name"": ""netbios-dgm"", ""product"": """", ""version"": """", ""extrainfo"": """", ""conf"": ""3"", ""cpe"": """"}, ""139"": {""state"": ""filtered"", ""reason"": ""no-response"", ""name"": ""netbios-ssn"", ""product"": """", ""version"": """", ""extrainfo"": """", ""conf"": ""3"", ""cpe"": """"}, ""443"": {""state"": ""open"", ""reason"": ""syn-ack"", ""name"": ""http"", ""product"": ""Apache httpd"", ""version"": """", ""extrainfo"": """", ""conf"": ""10"", ""cpe"": ""cpe:/a:apache:http_server""}, ""445"": {""state"": ""filtered"", ""reason"": ""no-response"", ""name"": ""microsoft-ds"", ""product"": """", ""version"": """", ""extrainfo"": """", ""conf"": ""3"", ""cpe"": """"}}",
70,104.31.91.182,up,"{""80"": {""state"": ""open"", ""reason"": ""syn-ack"", ""name"": ""http"", ""product"": ""cloudflare"", ""version"": """", ""extrainfo"": """", ""conf"": ""10"", ""cpe"": """"}, ""443"": {""state"": ""open"", ""reason"": ""syn-ack"", ""name"": ""https"", ""product"": ""cloudflare"", ""version"": """", ""extrainfo"": """", ""conf"": ""10"", ""cpe"": """"}, ""2052"": {""state"": ""open"", ""reason"": ""syn-ack"", ""name"": ""clearvisn"", ""product"": """", ""version"": """", ""extrainfo"": """", ""conf"": ""3"", ""cpe"": """"}, ""2053"": {""state"": ""open"", ""reason"": ""syn-ack"", ""name"": ""http"", ""product"": ""nginx"", ""version"": """", ""extrainfo"": """", ""conf"": ""10"", ""cpe"": ""cpe:/a:igor_sysoev:nginx""}, ""2082"": {""state"": ""open"", ""reason"": ""syn-ack"", ""name"": ""infowave"", ""product"": """", ""version"": """", ""extrainfo"": """", ""conf"": ""3"", ""cpe"": """"}, ""2083"": {""state"": ""open"", ""reason"": ""syn-ack"", ""name"": ""http"", ""product"": ""nginx"", ""version"": """", ""extrainfo"": """", ""conf"": ""10"", ""cpe"": ""cpe:/a:igor_sysoev:nginx""}, ""2086"": {""state"": ""open"", ""reason"": ""syn-ack"", ""name"": ""gnunet"", ""product"": """", ""version"": """", ""extrainfo"": """", ""conf"": ""3"", ""cpe"": """"}, ""2087"": {""state"": ""open"", ""reason"": ""syn-ack"", ""name"": ""http"", ""product"": ""nginx"", ""version"": """", ""extrainfo"": """", ""conf"": ""10"", ""cpe"": ""cpe:/a:igor_sysoev:nginx""}, ""2095"": {""state"": ""open"", ""reason"": ""syn-ack"", ""name"": ""nbx-ser"", ""product"": """", ""version"": """", ""extrainfo"": """", ""conf"": ""3"", ""cpe"": """"}, ""2096"": {""state"": ""open"", ""reason"": ""syn-ack"", ""name"": ""http"", ""product"": ""nginx"", ""version"": """", ""extrainfo"": """", ""conf"": ""10"", ""cpe"": ""cpe:/a:igor_sysoev:nginx""}, ""8080"": {""state"": ""open"", ""reason"": ""syn-ack"", ""name"": ""http-proxy"", ""product"": ""cloudflare"", ""version"": """", ""extrainfo"": """", ""conf"": ""10"", ""cpe"": """"}, ""8443"": {""state"": ""open"", ""reason"": ""syn-ack"", ""name"": ""https-alt"", ""product"": ""cloudflare"", ""version"": """", ""extrainfo"": """", ""conf"": ""10"", ""cpe"": """"}, ""8880"": {""state"": ""open"", ""reason"": ""syn-ack"", ""name"": ""cddbp-alt"", ""product"": """", ""version"": """", ""extrainfo"": """", ""conf"": ""3"", ""cpe"": """"}}",
71,104.20.24.122,up,"{""80"": {""state"": ""open"", ""reason"": ""syn-ack"", ""name"": ""http"", ""product"": ""cloudflare"", ""version"": """", ""extrainfo"": """", ""conf"": ""10"", ""cpe"": """"}, ""443"": {""state"": ""open"", ""reason"": ""syn-ack"", ""name"": ""https"", ""product"": ""cloudflare"", ""version"": """", ""extrainfo"": """", ""conf"": ""10"", ""cpe"": """"}, ""2052"": {""state"": ""open"", ""reason"": ""syn-ack"", ""name"": ""clearvisn"", ""product"": """", ""version"": """", ""extrainfo"": """", ""conf"": ""3"", ""cpe"": """"}, ""2053"": {""state"": ""open"", ""reason"": ""syn-ack"", ""name"": ""http"", ""product"": ""nginx"", ""version"": """", ""extrainfo"": """", ""conf"": ""10"", ""cpe"": ""cpe:/a:igor_sysoev:nginx""}, ""2082"": {""state"": ""open"", ""reason"": ""syn-ack"", ""name"": ""infowave"", ""product"": """", ""version"": """", ""extrainfo"": """", ""conf"": ""3"", ""cpe"": """"}, ""2083"": {""state"": ""open"", ""reason"": ""syn-ack"", ""name"": ""http"", ""product"": ""nginx"", ""version"": """", ""extrainfo"": """", ""conf"": ""10"", ""cpe"": ""cpe:/a:igor_sysoev:nginx""}, ""2086"": {""state"": ""open"", ""reason"": ""syn-ack"", ""name"": ""gnunet"", ""product"": """", ""version"": """", ""extrainfo"": """", ""conf"": ""3"", ""cpe"": """"}, ""2087"": {""state"": ""open"", ""reason"": ""syn-ack"", ""name"": ""http"", ""product"": ""nginx"", ""version"": """", ""extrainfo"": """", ""conf"": ""10"", ""cpe"": ""cpe:/a:igor_sysoev:nginx""}, ""2095"": {""state"": ""open"", ""reason"": ""syn-ack"", ""name"": ""nbx-ser"", ""product"": """", ""version"": """", ""extrainfo"": """", ""conf"": ""3"", ""cpe"": """"}, ""2096"": {""state"": ""open"", ""reason"": ""syn-ack"", ""name"": ""http"", ""product"": ""nginx"", ""version"": """", ""extrainfo"": """", ""conf"": ""10"", ""cpe"": ""cpe:/a:igor_sysoev:nginx""}, ""8080"": {""state"": ""open"", ""reason"": ""syn-ack"", ""name"": ""http-proxy"", ""product"": ""cloudflare"", ""version"": """", ""extrainfo"": """", ""conf"": ""10"", ""cpe"": """"}, ""8443"": {""state"": ""open"", ""reason"": ""syn-ack"", ""name"": ""https-alt"", ""product"": ""cloudflare"", ""version"": """", ""extrainfo"": """", ""conf"": ""10"", ""cpe"": """"}, ""8880"": {""state"": ""open"", ""reason"": ""syn-ack"", ""name"": ""cddbp-alt"", ""product"": """", ""version"": """", ""extrainfo"": """", ""conf"": ""3"", ""cpe"": """"}}",
72,185.36.6.1,up,"{""22"": {""state"": ""filtered"", ""reason"": ""no-response"", ""name"": ""ssh"", ""product"": """", ""version"": """", ""extrainfo"": """", ""conf"": ""3"", ""cpe"": """"}, ""23"": {""state"": ""filtered"", ""reason"": ""no-response"", ""name"": ""telnet"", ""product"": """", ""version"": """", ""extrainfo"": """", ""conf"": ""3"", ""cpe"": """"}, ""123"": {""state"": ""filtered"", ""reason"": ""no-response"", ""name"": ""ntp"", ""product"": """", ""version"": """", ""extrainfo"": """", ""conf"": ""3"", ""cpe"": """"}, ""135"": {""state"": ""filtered"", ""reason"": ""no-response"", ""name"": ""msrpc"", ""product"": """", ""version"": """", ""extrainfo"": """", ""conf"": ""3"", ""cpe"": """"}, ""137"": {""state"": ""filtered"", ""reason"": ""no-response"", ""name"": ""netbios-ns"", ""product"": """", ""version"": """", ""extrainfo"": """", ""conf"": ""3"", ""cpe"": """"}, ""138"": {""state"": ""filtered"", ""reason"": ""no-response"", ""name"": ""netbios-dgm"", ""product"": """", ""version"": """", ""extrainfo"": """", ""conf"": ""3"", ""cpe"": """"}, ""139"": {""state"": ""filtered"", ""reason"": ""no-response"", ""name"": ""netbios-ssn"", ""product"": """", ""version"": """", ""extrainfo"": """", ""conf"": ""3"", ""cpe"": """"}, ""161"": {""state"": ""filtered"", ""reason"": ""no-response"", ""name"": ""snmp"", ""product"": """", ""version"": """", ""extrainfo"": """", ""conf"": ""3"", ""cpe"": """"}, ""179"": {""state"": ""filtered"", ""reason"": ""no-response"", ""name"": ""bgp"", ""product"": """", ""version"": """", ""extrainfo"": """", ""conf"": ""3"", ""cpe"": """"}, ""445"": {""state"": ""filtered"", ""reason"": ""no-response"", ""name"": ""microsoft-ds"", ""product"": """", ""version"": """", ""extrainfo"": """", ""conf"": ""3"", ""cpe"": """"}}",
73,185.36.6.10,up,"{""4343"": {""state"": ""open"", ""reason"": ""syn-ack"", ""name"": ""unicall"", ""product"": """", ""version"": """", ""extrainfo"": """", ""conf"": ""3"", ""cpe"": """"}}",
74,185.36.6.103,up,,
75,185.36.6.104,up,,
76,185.36.6.105,up,,
77,185.36.6.106,up,,
78,185.36.6.107,up,"{""22"": {""state"": ""filtered"", ""reason"": ""no-response"", ""name"": ""ssh"", ""product"": """", ""version"": """", ""extrainfo"": """", ""conf"": ""3"", ""cpe"": """"}, ""23"": {""state"": ""filtered"", ""reason"": ""no-response"", ""name"": ""telnet"", ""product"": """", ""version"": """", ""extrainfo"": """", ""conf"": ""3"", ""cpe"": """"}, ""123"": {""state"": ""filtered"", ""reason"": ""no-response"", ""name"": ""ntp"", ""product"": """", ""version"": """", ""extrainfo"": """", ""conf"": ""3"", ""cpe"": """"}, ""135"": {""state"": ""filtered"", ""reason"": ""no-response"", ""name"": ""msrpc"", ""product"": """", ""version"": """", ""extrainfo"": """", ""conf"": ""3"", ""cpe"": """"}, ""137"": {""state"": ""filtered"", ""reason"": ""no-response"", ""name"": ""netbios-ns"", ""product"": """", ""version"": """", ""extrainfo"": """", ""conf"": ""3"", ""cpe"": """"}, ""138"": {""state"": ""filtered"", ""reason"": ""no-response"", ""name"": ""netbios-dgm"", ""product"": """", ""version"": """", ""extrainfo"": """", ""conf"": ""3"", ""cpe"": """"}, ""139"": {""state"": ""filtered"", ""reason"": ""no-response"", ""name"": ""netbios-ssn"", ""product"": """", ""version"": """", ""extrainfo"": """", ""conf"": ""3"", ""cpe"": """"}, ""161"": {""state"": ""filtered"", ""reason"": ""no-response"", ""name"": ""snmp"", ""product"": """", ""version"": """", ""extrainfo"": """", ""conf"": ""3"", ""cpe"": """"}, ""179"": {""state"": ""filtered"", ""reason"": ""no-response"", ""name"": ""bgp"", ""product"": """", ""version"": """", ""extrainfo"": """", ""conf"": ""3"", ""cpe"": """"}, ""445"": {""state"": ""filtered"", ""reason"": ""no-response"", ""name"": ""microsoft-ds"", ""product"": """", ""version"": """", ""extrainfo"": """", ""conf"": ""3"", ""cpe"": """"}}",
79,185.36.6.108,up,"{""22"": {""state"": ""filtered"", ""reason"": ""no-response"", ""name"": ""ssh"", ""product"": """", ""version"": """", ""extrainfo"": """", ""conf"": ""3"", ""cpe"": """"}, ""23"": {""state"": ""filtered"", ""reason"": ""no-response"", ""name"": ""telnet"", ""product"": """", ""version"": """", ""extrainfo"": """", ""conf"": ""3"", ""cpe"": """"}, ""123"": {""state"": ""filtered"", ""reason"": ""no-response"", ""name"": ""ntp"", ""product"": """", ""version"": """", ""extrainfo"": """", ""conf"": ""3"", ""cpe"": """"}, ""135"": {""state"": ""filtered"", ""reason"": ""no-response"", ""name"": ""msrpc"", ""product"": """", ""version"": """", ""extrainfo"": """", ""conf"": ""3"", ""cpe"": """"}, ""137"": {""state"": ""filtered"", ""reason"": ""no-response"", ""name"": ""netbios-ns"", ""product"": """", ""version"": """", ""extrainfo"": """", ""conf"": ""3"", ""cpe"": """"}, ""138"": {""state"": ""filtered"", ""reason"": ""no-response"", ""name"": ""netbios-dgm"", ""product"": """", ""version"": """", ""extrainfo"": """", ""conf"": ""3"", ""cpe"": """"}, ""139"": {""state"": ""filtered"", ""reason"": ""no-response"", ""name"": ""netbios-ssn"", ""product"": """", ""version"": """", ""extrainfo"": """", ""conf"": ""3"", ""cpe"": """"}, ""161"": {""state"": ""filtered"", ""reason"": ""no-response"", ""name"": ""snmp"", ""product"": """", ""version"": """", ""extrainfo"": """", ""conf"": ""3"", ""cpe"": """"}, ""179"": {""state"": ""filtered"", ""reason"": ""no-response"", ""name"": ""bgp"", ""product"": """", ""version"": """", ""extrainfo"": """", ""conf"": ""3"", ""cpe"": """"}, ""445"": {""state"": ""filtered"", ""reason"": ""no-response"", ""name"": ""microsoft-ds"", ""product"": """", ""version"": """", ""extrainfo"": """", ""conf"": ""3"", ""cpe"": """"}}",
80,185.36.6.11,up,"{""22"": {""state"": ""filtered"", ""reason"": ""no-response"", ""name"": ""ssh"", ""product"": """", ""version"": """", ""extrainfo"": """", ""conf"": ""3"", ""cpe"": """"}, ""23"": {""state"": ""filtered"", ""reason"": ""no-response"", ""name"": ""telnet"", ""product"": """", ""version"": """", ""extrainfo"": """", ""conf"": ""3"", ""cpe"": """"}, ""123"": {""state"": ""filtered"", ""reason"": ""no-response"", ""name"": ""ntp"", ""product"": """", ""version"": """", ""extrainfo"": """", ""conf"": ""3"", ""cpe"": """"}, ""135"": {""state"": ""filtered"", ""reason"": ""no-response"", ""name"": ""msrpc"", ""product"": """", ""version"": """", ""extrainfo"": """", ""conf"": ""3"", ""cpe"": """"}, ""137"": {""state"": ""filtered"", ""reason"": ""no-response"", ""name"": ""netbios-ns"", ""product"": """", ""version"": """", ""extrainfo"": """", ""conf"": ""3"", ""cpe"": """"}, ""138"": {""state"": ""filtered"", ""reason"": ""no-response"", ""name"": ""netbios-dgm"", ""product"": """", ""version"": """", ""extrainfo"": """", ""conf"": ""3"", ""cpe"": """"}, ""139"": {""state"": ""filtered"", ""reason"": ""no-response"", ""name"": ""netbios-ssn"", ""product"": """", ""version"": """", ""extrainfo"": """", ""conf"": ""3"", ""cpe"": """"}, ""161"": {""state"": ""filtered"", ""reason"": ""no-response"", ""name"": ""snmp"", ""product"": """", ""version"": """", ""extrainfo"": """", ""conf"": ""3"", ""cpe"": """"}, ""179"": {""state"": ""filtered"", ""reason"": ""no-response"", ""name"": ""bgp"", ""product"": """", ""version"": """", ""extrainfo"": """", ""conf"": ""3"", ""cpe"": """"}, ""445"": {""state"": ""filtered"", ""reason"": ""no-response"", ""name"": ""microsoft-ds"", ""product"": """", ""version"": """", ""extrainfo"": """", ""conf"": ""3"", ""cpe"": """"}}",
81,185.36.6.12,up,"{""22"": {""state"": ""filtered"", ""reason"": ""no-response"", ""name"": ""ssh"", ""product"": """", ""version"": """", ""extrainfo"": """", ""conf"": ""3"", ""cpe"": """"}, ""23"": {""state"": ""filtered"", ""reason"": ""no-response"", ""name"": ""telnet"", ""product"": """", ""version"": """", ""extrainfo"": """", ""conf"": ""3"", ""cpe"": """"}, ""123"": {""state"": ""filtered"", ""reason"": ""no-response"", ""name"": ""ntp"", ""product"": """", ""version"": """", ""extrainfo"": """", ""conf"": ""3"", ""cpe"": """"}, ""135"": {""state"": ""filtered"", ""reason"": ""no-response"", ""name"": ""msrpc"", ""product"": """", ""version"": """", ""extrainfo"": """", ""conf"": ""3"", ""cpe"": """"}, ""137"": {""state"": ""filtered"", ""reason"": ""no-response"", ""name"": ""netbios-ns"", ""product"": """", ""version"": """", ""extrainfo"": """", ""conf"": ""3"", ""cpe"": """"}, ""138"": {""state"": ""filtered"", ""reason"": ""no-response"", ""name"": ""netbios-dgm"", ""product"": """", ""version"": """", ""extrainfo"": """", ""conf"": ""3"", ""cpe"": """"}, ""139"": {""state"": ""filtered"", ""reason"": ""no-response"", ""name"": ""netbios-ssn"", ""product"": """", ""version"": """", ""extrainfo"": """", ""conf"": ""3"", ""cpe"": """"}, ""161"": {""state"": ""filtered"", ""reason"": ""no-response"", ""name"": ""snmp"", ""product"": """", ""version"": """", ""extrainfo"": """", ""conf"": ""3"", ""cpe"": """"}, ""179"": {""state"": ""filtered"", ""reason"": ""no-response"", ""name"": ""bgp"", ""product"": """", ""version"": """", ""extrainfo"": """", ""conf"": ""3"", ""cpe"": """"}, ""445"": {""state"": ""filtered"", ""reason"": ""no-response"", ""name"": ""microsoft-ds"", ""product"": """", ""version"": """", ""extrainfo"": """", ""conf"": ""3"", ""cpe"": """"}}",
82,185.36.6.17,up,,
83,185.36.6.19,up,,
84,185.36.6.20,up,"{""22"": {""state"": ""filtered"", ""reason"": ""no-response"", ""name"": ""ssh"", ""product"": """", ""version"": """", ""extrainfo"": """", ""conf"": ""3"", ""cpe"": """"}, ""23"": {""state"": ""filtered"", ""reason"": ""no-response"", ""name"": ""telnet"", ""product"": """", ""version"": """", ""extrainfo"": """", ""conf"": ""3"", ""cpe"": """"}, ""123"": {""state"": ""filtered"", ""reason"": ""no-response"", ""name"": ""ntp"", ""product"": """", ""version"": """", ""extrainfo"": """", ""conf"": ""3"", ""cpe"": """"}, ""135"": {""state"": ""filtered"", ""reason"": ""no-response"", ""name"": ""msrpc"", ""product"": """", ""version"": """", ""extrainfo"": """", ""conf"": ""3"", ""cpe"": """"}, ""137"": {""state"": ""filtered"", ""reason"": ""no-response"", ""name"": ""netbios-ns"", ""product"": """", ""version"": """", ""extrainfo"": """", ""conf"": ""3"", ""cpe"": """"}, ""138"": {""state"": ""filtered"", ""reason"": ""no-response"", ""name"": ""netbios-dgm"", ""product"": """", ""version"": """", ""extrainfo"": """", ""conf"": ""3"", ""cpe"": """"}, ""139"": {""state"": ""filtered"", ""reason"": ""no-response"", ""name"": ""netbios-ssn"", ""product"": """", ""version"": """", ""extrainfo"": """", ""conf"": ""3"", ""cpe"": """"}, ""161"": {""state"": ""filtered"", ""reason"": ""no-response"", ""name"": ""snmp"", ""product"": """", ""version"": """", ""extrainfo"": """", ""conf"": ""3"", ""cpe"": """"}, ""179"": {""state"": ""filtered"", ""reason"": ""no-response"", ""name"": ""bgp"", ""product"": """", ""version"": """", ""extrainfo"": """", ""conf"": ""3"", ""cpe"": """"}, ""445"": {""state"": ""filtered"", ""reason"": ""no-response"", ""name"": ""microsoft-ds"", ""product"": """", ""version"": """", ""extrainfo"": """", ""conf"": ""3"", ""cpe"": """"}}",
85,185.36.6.226,up,"{""22"": {""state"": ""filtered"", ""reason"": ""no-response"", ""name"": ""ssh"", ""product"": """", ""version"": """", ""extrainfo"": """", ""conf"": ""3"", ""cpe"": """"}, ""23"": {""state"": ""filtered"", ""reason"": ""no-response"", ""name"": ""telnet"", ""product"": """", ""version"": """", ""extrainfo"": """", ""conf"": ""3"", ""cpe"": """"}, ""123"": {""state"": ""filtered"", ""reason"": ""no-response"", ""name"": ""ntp"", ""product"": """", ""version"": """", ""extrainfo"": """", ""conf"": ""3"", ""cpe"": """"}, ""135"": {""state"": ""filtered"", ""reason"": ""no-response"", ""name"": ""msrpc"", ""product"": """", ""version"": """", ""extrainfo"": """", ""conf"": ""3"", ""cpe"": """"}, ""137"": {""state"": ""filtered"", ""reason"": ""no-response"", ""name"": ""netbios-ns"", ""product"": """", ""version"": """", ""extrainfo"": """", ""conf"": ""3"", ""cpe"": """"}, ""138"": {""state"": ""filtered"", ""reason"": ""no-response"", ""name"": ""netbios-dgm"", ""product"": """", ""version"": """", ""extrainfo"": """", ""conf"": ""3"", ""cpe"": """"}, ""139"": {""state"": ""filtered"", ""reason"": ""no-response"", ""name"": ""netbios-ssn"", ""product"": """", ""version"": """", ""extrainfo"": """", ""conf"": ""3"", ""cpe"": """"}, ""161"": {""state"": ""filtered"", ""reason"": ""no-response"", ""name"": ""snmp"", ""product"": """", ""version"": """", ""extrainfo"": """", ""conf"": ""3"", ""cpe"": """"}, ""179"": {""state"": ""filtered"", ""reason"": ""no-response"", ""name"": ""bgp"", ""product"": """", ""version"": """", ""extrainfo"": """", ""conf"": ""3"", ""cpe"": """"}, ""445"": {""state"": ""filtered"", ""reason"": ""no-response"", ""name"": ""microsoft-ds"", ""product"": """", ""version"": """", ""extrainfo"": """", ""conf"": ""3"", ""cpe"": """"}, ""830"": {""state"": ""open"", ""reason"": ""syn-ack"", ""name"": ""ssh"", ""product"": ""OpenSSH"", ""version"": ""6.9"", ""extrainfo"": ""protocol 2.0"", ""conf"": ""10"", ""cpe"": ""cpe:/a:openbsd:openssh:6.9""}}",
86,185.36.6.227,up,"{""22"": {""state"": ""filtered"", ""reason"": ""no-response"", ""name"": ""ssh"", ""product"": """", ""version"": """", ""extrainfo"": """", ""conf"": ""3"", ""cpe"": """"}, ""23"": {""state"": ""filtered"", ""reason"": ""no-response"", ""name"": ""telnet"", ""product"": """", ""version"": """", ""extrainfo"": """", ""conf"": ""3"", ""cpe"": """"}, ""123"": {""state"": ""filtered"", ""reason"": ""no-response"", ""name"": ""ntp"", ""product"": """", ""version"": """", ""extrainfo"": """", ""conf"": ""3"", ""cpe"": """"}, ""135"": {""state"": ""filtered"", ""reason"": ""no-response"", ""name"": ""msrpc"", ""product"": """", ""version"": """", ""extrainfo"": """", ""conf"": ""3"", ""cpe"": """"}, ""137"": {""state"": ""filtered"", ""reason"": ""no-response"", ""name"": ""netbios-ns"", ""product"": """", ""version"": """", ""extrainfo"": """", ""conf"": ""3"", ""cpe"": """"}, ""138"": {""state"": ""filtered"", ""reason"": ""no-response"", ""name"": ""netbios-dgm"", ""product"": """", ""version"": """", ""extrainfo"": """", ""conf"": ""3"", ""cpe"": """"}, ""139"": {""state"": ""filtered"", ""reason"": ""no-response"", ""name"": ""netbios-ssn"", ""product"": """", ""version"": """", ""extrainfo"": """", ""conf"": ""3"", ""cpe"": """"}, ""161"": {""state"": ""filtered"", ""reason"": ""no-response"", ""name"": ""snmp"", ""product"": """", ""version"": """", ""extrainfo"": """", ""conf"": ""3"", ""cpe"": """"}, ""179"": {""state"": ""filtered"", ""reason"": ""no-response"", ""name"": ""bgp"", ""product"": """", ""version"": """", ""extrainfo"": """", ""conf"": ""3"", ""cpe"": """"}, ""445"": {""state"": ""filtered"", ""reason"": ""no-response"", ""name"": ""microsoft-ds"", ""product"": """", ""version"": """", ""extrainfo"": """", ""conf"": ""3"", ""cpe"": """"}, ""830"": {""state"": ""open"", ""reason"": ""syn-ack"", ""name"": ""ssh"", ""product"": ""OpenSSH"", ""version"": ""6.9"", ""extrainfo"": ""protocol 2.0"", ""conf"": ""10"", ""cpe"": ""cpe:/a:openbsd:openssh:6.9""}}",
87,185.36.6.228,up,,
88,185.36.6.33,up,"{""22"": {""state"": ""filtered"", ""reason"": ""no-response"", ""name"": ""ssh"", ""product"": """", ""version"": """", ""extrainfo"": """", ""conf"": ""3"", ""cpe"": """"}, ""23"": {""state"": ""filtered"", ""reason"": ""no-response"", ""name"": ""telnet"", ""product"": """", ""version"": """", ""extrainfo"": """", ""conf"": ""3"", ""cpe"": """"}, ""123"": {""state"": ""filtered"", ""reason"": ""no-response"", ""name"": ""ntp"", ""product"": """", ""version"": """", ""extrainfo"": """", ""conf"": ""3"", ""cpe"": """"}, ""135"": {""state"": ""filtered"", ""reason"": ""no-response"", ""name"": ""msrpc"", ""product"": """", ""version"": """", ""extrainfo"": """", ""conf"": ""3"", ""cpe"": """"}, ""137"": {""state"": ""filtered"", ""reason"": ""no-response"", ""name"": ""netbios-ns"", ""product"": """", ""version"": """", ""extrainfo"": """", ""conf"": ""3"", ""cpe"": """"}, ""138"": {""state"": ""filtered"", ""reason"": ""no-response"", ""name"": ""netbios-dgm"", ""product"": """", ""version"": """", ""extrainfo"": """", ""conf"": ""3"", ""cpe"": """"}, ""139"": {""state"": ""filtered"", ""reason"": ""no-response"", ""name"": ""netbios-ssn"", ""product"": """", ""version"": """", ""extrainfo"": """", ""conf"": ""3"", ""cpe"": """"}, ""161"": {""state"": ""filtered"", ""reason"": ""no-response"", ""name"": ""snmp"", ""product"": """", ""version"": """", ""extrainfo"": """", ""conf"": ""3"", ""cpe"": """"}, ""179"": {""state"": ""filtered"", ""reason"": ""no-response"", ""name"": ""bgp"", ""product"": """", ""version"": """", ""extrainfo"": """", ""conf"": ""3"", ""cpe"": """"}, ""445"": {""state"": ""filtered"", ""reason"": ""no-response"", ""name"": ""microsoft-ds"", ""product"": """", ""version"": """", ""extrainfo"": """", ""conf"": ""3"", ""cpe"": """"}}",
89,185.36.6.39,up,,
90,185.36.6.40,up,,
91,185.36.6.41,up,,
92,185.36.6.42,up,,
93,185.36.6.43,up,"{""22"": {""state"": ""filtered"", ""reason"": ""no-response"", ""name"": ""ssh"", ""product"": """", ""version"": """", ""extrainfo"": """", ""conf"": ""3"", ""cpe"": """"}, ""23"": {""state"": ""filtered"", ""reason"": ""no-response"", ""name"": ""telnet"", ""product"": """", ""version"": """", ""extrainfo"": """", ""conf"": ""3"", ""cpe"": """"}, ""123"": {""state"": ""filtered"", ""reason"": ""no-response"", ""name"": ""ntp"", ""product"": """", ""version"": """", ""extrainfo"": """", ""conf"": ""3"", ""cpe"": """"}, ""135"": {""state"": ""filtered"", ""reason"": ""no-response"", ""name"": ""msrpc"", ""product"": """", ""version"": """", ""extrainfo"": """", ""conf"": ""3"", ""cpe"": """"}, ""137"": {""state"": ""filtered"", ""reason"": ""no-response"", ""name"": ""netbios-ns"", ""product"": """", ""version"": """", ""extrainfo"": """", ""conf"": ""3"", ""cpe"": """"}, ""138"": {""state"": ""filtered"", ""reason"": ""no-response"", ""name"": ""netbios-dgm"", ""product"": """", ""version"": """", ""extrainfo"": """", ""conf"": ""3"", ""cpe"": """"}, ""139"": {""state"": ""filtered"", ""reason"": ""no-response"", ""name"": ""netbios-ssn"", ""product"": """", ""version"": """", ""extrainfo"": """", ""conf"": ""3"", ""cpe"": """"}, ""161"": {""state"": ""filtered"", ""reason"": ""no-response"", ""name"": ""snmp"", ""product"": """", ""version"": """", ""extrainfo"": """", ""conf"": ""3"", ""cpe"": """"}, ""179"": {""state"": ""filtered"", ""reason"": ""no-response"", ""name"": ""bgp"", ""product"": """", ""version"": """", ""extrainfo"": """", ""conf"": ""3"", ""cpe"": """"}, ""445"": {""state"": ""filtered"", ""reason"": ""no-response"", ""name"": ""microsoft-ds"", ""product"": """", ""version"": """", ""extrainfo"": """", ""conf"": ""3"", ""cpe"": """"}}",
94,185.36.6.44,up,"{""22"": {""state"": ""filtered"", ""reason"": ""no-response"", ""name"": ""ssh"", ""product"": """", ""version"": """", ""extrainfo"": """", ""conf"": ""3"", ""cpe"": """"}, ""23"": {""state"": ""filtered"", ""reason"": ""no-response"", ""name"": ""telnet"", ""product"": """", ""version"": """", ""extrainfo"": """", ""conf"": ""3"", ""cpe"": """"}, ""123"": {""state"": ""filtered"", ""reason"": ""no-response"", ""name"": ""ntp"", ""product"": """", ""version"": """", ""extrainfo"": """", ""conf"": ""3"", ""cpe"": """"}, ""135"": {""state"": ""filtered"", ""reason"": ""no-response"", ""name"": ""msrpc"", ""product"": """", ""version"": """", ""extrainfo"": """", ""conf"": ""3"", ""cpe"": """"}, ""137"": {""state"": ""filtered"", ""reason"": ""no-response"", ""name"": ""netbios-ns"", ""product"": """", ""version"": """", ""extrainfo"": """", ""conf"": ""3"", ""cpe"": """"}, ""138"": {""state"": ""filtered"", ""reason"": ""no-response"", ""name"": ""netbios-dgm"", ""product"": """", ""version"": """", ""extrainfo"": """", ""conf"": ""3"", ""cpe"": """"}, ""139"": {""state"": ""filtered"", ""reason"": ""no-response"", ""name"": ""netbios-ssn"", ""product"": """", ""version"": """", ""extrainfo"": """", ""conf"": ""3"", ""cpe"": """"}, ""161"": {""state"": ""filtered"", ""reason"": ""no-response"", ""name"": ""snmp"", ""product"": """", ""version"": """", ""extrainfo"": """", ""conf"": ""3"", ""cpe"": """"}, ""179"": {""state"": ""filtered"", ""reason"": ""no-response"", ""name"": ""bgp"", ""product"": """", ""version"": """", ""extrainfo"": """", ""conf"": ""3"", ""cpe"": """"}, ""445"": {""state"": ""filtered"", ""reason"": ""no-response"", ""name"": ""microsoft-ds"", ""product"": """", ""version"": """", ""extrainfo"": """", ""conf"": ""3"", ""cpe"": """"}}",
95,185.36.6.5,up,"{""22"": {""state"": ""filtered"", ""reason"": ""no-response"", ""name"": ""ssh"", ""product"": """", ""version"": """", ""extrainfo"": """", ""conf"": ""3"", ""cpe"": """"}, ""23"": {""state"": ""filtered"", ""reason"": ""no-response"", ""name"": ""telnet"", ""product"": """", ""version"": """", ""extrainfo"": """", ""conf"": ""3"", ""cpe"": """"}, ""123"": {""state"": ""filtered"", ""reason"": ""no-response"", ""name"": ""ntp"", ""product"": """", ""version"": """", ""extrainfo"": """", ""conf"": ""3"", ""cpe"": """"}, ""135"": {""state"": ""filtered"", ""reason"": ""no-response"", ""name"": ""msrpc"", ""product"": """", ""version"": """", ""extrainfo"": """", ""conf"": ""3"", ""cpe"": """"}, ""137"": {""state"": ""filtered"", ""reason"": ""no-response"", ""name"": ""netbios-ns"", ""product"": """", ""version"": """", ""extrainfo"": """", ""conf"": ""3"", ""cpe"": """"}, ""138"": {""state"": ""filtered"", ""reason"": ""no-response"", ""name"": ""netbios-dgm"", ""product"": """", ""version"": """", ""extrainfo"": """", ""conf"": ""3"", ""cpe"": """"}, ""139"": {""state"": ""filtered"", ""reason"": ""no-response"", ""name"": ""netbios-ssn"", ""product"": """", ""version"": """", ""extrainfo"": """", ""conf"": ""3"", ""cpe"": """"}, ""161"": {""state"": ""filtered"", ""reason"": ""no-response"", ""name"": ""snmp"", ""product"": """", ""version"": """", ""extrainfo"": """", ""conf"": ""3"", ""cpe"": """"}, ""179"": {""state"": ""filtered"", ""reason"": ""no-response"", ""name"": ""bgp"", ""product"": """", ""version"": """", ""extrainfo"": """", ""conf"": ""3"", ""cpe"": """"}, ""445"": {""state"": ""filtered"", ""reason"": ""no-response"", ""name"": ""microsoft-ds"", ""product"": """", ""version"": """", ""extrainfo"": """", ""conf"": ""3"", ""cpe"": """"}}",
96,185.36.6.65,up,"{""22"": {""state"": ""filtered"", ""reason"": ""no-response"", ""name"": ""ssh"", ""product"": """", ""version"": """", ""extrainfo"": """", ""conf"": ""3"", ""cpe"": """"}, ""23"": {""state"": ""filtered"", ""reason"": ""no-response"", ""name"": ""telnet"", ""product"": """", ""version"": """", ""extrainfo"": """", ""conf"": ""3"", ""cpe"": """"}, ""123"": {""state"": ""filtered"", ""reason"": ""no-response"", ""name"": ""ntp"", ""product"": """", ""version"": """", ""extrainfo"": """", ""conf"": ""3"", ""cpe"": """"}, ""135"": {""state"": ""filtered"", ""reason"": ""no-response"", ""name"": ""msrpc"", ""product"": """", ""version"": """", ""extrainfo"": """", ""conf"": ""3"", ""cpe"": """"}, ""137"": {""state"": ""filtered"", ""reason"": ""no-response"", ""name"": ""netbios-ns"", ""product"": """", ""version"": """", ""extrainfo"": """", ""conf"": ""3"", ""cpe"": """"}, ""138"": {""state"": ""filtered"", ""reason"": ""no-response"", ""name"": ""netbios-dgm"", ""product"": """", ""version"": """", ""extrainfo"": """", ""conf"": ""3"", ""cpe"": """"}, ""139"": {""state"": ""filtered"", ""reason"": ""no-response"", ""name"": ""netbios-ssn"", ""product"": """", ""version"": """", ""extrainfo"": """", ""conf"": ""3"", ""cpe"": """"}, ""161"": {""state"": ""filtered"", ""reason"": ""no-response"", ""name"": ""snmp"", ""product"": """", ""version"": """", ""extrainfo"": """", ""conf"": ""3"", ""cpe"": """"}, ""179"": {""state"": ""filtered"", ""reason"": ""no-response"", ""name"": ""bgp"", ""product"": """", ""version"": """", ""extrainfo"": """", ""conf"": ""3"", ""cpe"": """"}, ""445"": {""state"": ""filtered"", ""reason"": ""no-response"", ""name"": ""microsoft-ds"", ""product"": """", ""version"": """", ""extrainfo"": """", ""conf"": ""3"", ""cpe"": """"}}",
97,185.36.6.7,up,,
98,185.36.6.71,up,,
99,185.36.6.72,up,,
100,185.36.6.73,up,,
101,185.36.6.74,up,,
102,185.36.6.75,up,"{""22"": {""state"": ""filtered"", ""reason"": ""no-response"", ""name"": ""ssh"", ""product"": """", ""version"": """", ""extrainfo"": """", ""conf"": ""3"", ""cpe"": """"}, ""23"": {""state"": ""filtered"", ""reason"": ""no-response"", ""name"": ""telnet"", ""product"": """", ""version"": """", ""extrainfo"": """", ""conf"": ""3"", ""cpe"": """"}, ""123"": {""state"": ""filtered"", ""reason"": ""no-response"", ""name"": ""ntp"", ""product"": """", ""version"": """", ""extrainfo"": """", ""conf"": ""3"", ""cpe"": """"}, ""135"": {""state"": ""filtered"", ""reason"": ""no-response"", ""name"": ""msrpc"", ""product"": """", ""version"": """", ""extrainfo"": """", ""conf"": ""3"", ""cpe"": """"}, ""137"": {""state"": ""filtered"", ""reason"": ""no-response"", ""name"": ""netbios-ns"", ""product"": """", ""version"": """", ""extrainfo"": """", ""conf"": ""3"", ""cpe"": """"}, ""138"": {""state"": ""filtered"", ""reason"": ""no-response"", ""name"": ""netbios-dgm"", ""product"": """", ""version"": """", ""extrainfo"": """", ""conf"": ""3"", ""cpe"": """"}, ""139"": {""state"": ""filtered"", ""reason"": ""no-response"", ""name"": ""netbios-ssn"", ""product"": """", ""version"": """", ""extrainfo"": """", ""conf"": ""3"", ""cpe"": """"}, ""161"": {""state"": ""filtered"", ""reason"": ""no-response"", ""name"": ""snmp"", ""product"": """", ""version"": """", ""extrainfo"": """", ""conf"": ""3"", ""cpe"": """"}, ""179"": {""state"": ""filtered"", ""reason"": ""no-response"", ""name"": ""bgp"", ""product"": """", ""version"": """", ""extrainfo"": """", ""conf"": ""3"", ""cpe"": """"}, ""445"": {""state"": ""filtered"", ""reason"": ""no-response"", ""name"": ""microsoft-ds"", ""product"": """", ""version"": """", ""extrainfo"": """", ""conf"": ""3"", ""cpe"": """"}}",
103,185.36.6.76,up,"{""22"": {""state"": ""filtered"", ""reason"": ""no-response"", ""name"": ""ssh"", ""product"": """", ""version"": """", ""extrainfo"": """", ""conf"": ""3"", ""cpe"": """"}, ""23"": {""state"": ""filtered"", ""reason"": ""no-response"", ""name"": ""telnet"", ""product"": """", ""version"": """", ""extrainfo"": """", ""conf"": ""3"", ""cpe"": """"}, ""123"": {""state"": ""filtered"", ""reason"": ""no-response"", ""name"": ""ntp"", ""product"": """", ""version"": """", ""extrainfo"": """", ""conf"": ""3"", ""cpe"": """"}, ""135"": {""state"": ""filtered"", ""reason"": ""no-response"", ""name"": ""msrpc"", ""product"": """", ""version"": """", ""extrainfo"": """", ""conf"": ""3"", ""cpe"": """"}, ""137"": {""state"": ""filtered"", ""reason"": ""no-response"", ""name"": ""netbios-ns"", ""product"": """", ""version"": """", ""extrainfo"": """", ""conf"": ""3"", ""cpe"": """"}, ""138"": {""state"": ""filtered"", ""reason"": ""no-response"", ""name"": ""netbios-dgm"", ""product"": """", ""version"": """", ""extrainfo"": """", ""conf"": ""3"", ""cpe"": """"}, ""139"": {""state"": ""filtered"", ""reason"": ""no-response"", ""name"": ""netbios-ssn"", ""product"": """", ""version"": """", ""extrainfo"": """", ""conf"": ""3"", ""cpe"": """"}, ""161"": {""state"": ""filtered"", ""reason"": ""no-response"", ""name"": ""snmp"", ""product"": """", ""version"": """", ""extrainfo"": """", ""conf"": ""3"", ""cpe"": """"}, ""179"": {""state"": ""filtered"", ""reason"": ""no-response"", ""name"": ""bgp"", ""product"": """", ""version"": """", ""extrainfo"": """", ""conf"": ""3"", ""cpe"": """"}, ""445"": {""state"": ""filtered"", ""reason"": ""no-response"", ""name"": ""microsoft-ds"", ""product"": """", ""version"": """", ""extrainfo"": """", ""conf"": ""3"", ""cpe"": """"}}",
104,185.36.6.8,up,,
105,185.36.6.9,up,"{""43"": {""state"": ""open"", ""reason"": ""syn-ack"", ""name"": ""whois"", ""product"": """", ""version"": """", ""extrainfo"": """", ""conf"": ""3"", ""cpe"": """"}}",
106,185.36.6.97,up,"{""22"": {""state"": ""filtered"", ""reason"": ""no-response"", ""name"": ""ssh"", ""product"": """", ""version"": """", ""extrainfo"": """", ""conf"": ""3"", ""cpe"": """"}, ""23"": {""state"": ""filtered"", ""reason"": ""no-response"", ""name"": ""telnet"", ""product"": """", ""version"": """", ""extrainfo"": """", ""conf"": ""3"", ""cpe"": """"}, ""123"": {""state"": ""filtered"", ""reason"": ""no-response"", ""name"": ""ntp"", ""product"": """", ""version"": """", ""extrainfo"": """", ""conf"": ""3"", ""cpe"": """"}, ""135"": {""state"": ""filtered"", ""reason"": ""no-response"", ""name"": ""msrpc"", ""product"": """", ""version"": """", ""extrainfo"": """", ""conf"": ""3"", ""cpe"": """"}, ""137"": {""state"": ""filtered"", ""reason"": ""no-response"", ""name"": ""netbios-ns"", ""product"": """", ""version"": """", ""extrainfo"": """", ""conf"": ""3"", ""cpe"": """"}, ""138"": {""state"": ""filtered"", ""reason"": ""no-response"", ""name"": ""netbios-dgm"", ""product"": """", ""version"": """", ""extrainfo"": """", ""conf"": ""3"", ""cpe"": """"}, ""139"": {""state"": ""filtered"", ""reason"": ""no-response"", ""name"": ""netbios-ssn"", ""product"": """", ""version"": """", ""extrainfo"": """", ""conf"": ""3"", ""cpe"": """"}, ""161"": {""state"": ""filtered"", ""reason"": ""no-response"", ""name"": ""snmp"", ""product"": """", ""version"": """", ""extrainfo"": """", ""conf"": ""3"", ""cpe"": """"}, ""179"": {""state"": ""filtered"", ""reason"": ""no-response"", ""name"": ""bgp"", ""product"": """", ""version"": """", ""extrainfo"": """", ""conf"": ""3"", ""cpe"": """"}, ""445"": {""state"": ""filtered"", ""reason"": ""no-response"", ""name"": ""microsoft-ds"", ""product"": """", ""version"": """", ""extrainfo"": """", ""conf"": ""3"", ""cpe"": """"}}",
